Tweets_name,Tweets_url,Tweets_twitterhandle,Tweets_twitterhandle_url,Tweets_tweet,Tweets_replies,Tweets_retweets,Tweets_likes,Tweets_Dateoftweet,Tweets_Dateoftweet_url,Tweets_Verified,Tweets_Verified_url
taran adarsh,https://twitter.com/taran_adarsh,taran_adarsh,https://twitter.com/taran_adarsh,#BadrinathKiDulhania continues to dominate... Enjoys a SUPER-STRONG Weekend 2... Collects ₹ 17.56 cr... First SUPER HIT of 2017...,"Reply
55","Retweet
328","Like
1.4K",20 Mar 2017,https://twitter.com/taran_adarsh/status/843724026824470528,Verified account,https://twitter.com/taran_adarsh
taran adarsh,https://twitter.com/taran_adarsh,taran_adarsh,https://twitter.com/taran_adarsh,#BadrinathKiDulhania will hit a century today [Thu]... Will enter/cross ₹ 100 cr on Day 14... India biz... SUPER HIT.,"Reply
37","Retweet
372","Like
1.8K",23 Mar 2017,https://twitter.com/taran_adarsh/status/844815386952425472,Verified account,https://twitter.com/taran_adarsh
taran adarsh,https://twitter.com/taran_adarsh,taran_adarsh,https://twitter.com/taran_adarsh,"#BadrinathKiDulhania inches closer to ₹ 100 cr... [Week 2] Fri 4.21 cr, Sat 5.90 cr, Sun 7.45 cr, Mon 2.72 cr. Total: ₹ 93.94 cr. India biz.","Reply
33","Retweet
350","Like
1.6K",20 Mar 2017,https://twitter.com/taran_adarsh/status/844078617323696128,Verified account,https://twitter.com/taran_adarsh
taran adarsh,https://twitter.com/taran_adarsh,taran_adarsh,https://twitter.com/taran_adarsh,#BadrinathKiDulhania - OVERSEAS - Total after Weekend 2: $ 4.72 million [₹ 30.87 cr]. VERY GOOD!,"Reply
21","Retweet
200","Like
1.1K",20 Mar 2017,https://twitter.com/taran_adarsh/status/843765798472581121,Verified account,https://twitter.com/taran_adarsh
taran adarsh,https://twitter.com/taran_adarsh,taran_adarsh,https://twitter.com/taran_adarsh,2017 has begun on a buoyant note for Fox Star India. #JollyLLB2 and #BadrinathKiDulhania emerge success. #Phillauri could be a hat trick...,"Reply
24","Retweet
284","Like
1.4K",22 Mar 2017,https://twitter.com/taran_adarsh/status/844478583191982080,Verified account,https://twitter.com/taran_adarsh
Nakuul Mehta,https://twitter.com/NakuulMehta,NakuulMehta,https://twitter.com/NakuulMehta,Loved #BadrinathKiDulhania ! So proud of you @ShashankKhaitan . @Varun_dvn at his earnest & endearing best. So much fun to watch.,"Reply
51","Retweet
236","Like
1.3K",21 Mar 2017,https://twitter.com/NakuulMehta/status/844273076590329860,Verified account,https://twitter.com/NakuulMehta
Varun Dhawan,https://twitter.com/Varun_dvn,Varun_dvn,https://twitter.com/Varun_dvn,Thank you so much for all the lovely messages for #BadrinathKiDulhania . Let's do #varunsays today.,"Reply
319","Retweet
630","Like
4.0K",19 Mar 2017,https://twitter.com/Varun_dvn/status/843669178083131392,Verified account,https://twitter.com/Varun_dvn
ExSecular #IndiaTakesRevenge,https://twitter.com/ExSecular,ExSecular,https://twitter.com/ExSecular,Long time no movie review from @ArvindKejriwal ... how is #BadrinathKiDulhania sir Ji?,"Reply
15","Retweet
33","Like
98",19 Mar 2017,https://twitter.com/ExSecular/status/843440081088143360,,
Subarna talukder,https://twitter.com/Subarnapsycho,Subarnapsycho,https://twitter.com/Subarnapsycho,@Varun_dvn just watched #badrinathkidulhania. I m big fan of alia but I watched u only.u were incredible! Love u,Reply,"Retweet
40","Like
154",19 Mar 2017,https://twitter.com/Subarnapsycho/status/843549498630721541,,
Rohit Jaiswal,https://twitter.com/rohitjswl01,rohitjswl01,https://twitter.com/rohitjswl01,"CONGRATULATIONS @Varun_dvn @aliaa08 @karanjohar @apoorvamehta18 @ShashankKhaitan #BadrinathKiDulhania ENTERS 100CR CLUB
LT- 115 SUPERHIT","Reply
8","Retweet
52","Like
124",23 Mar 2017,https://twitter.com/rohitjswl01/status/844916500586745857,Verified account,https://twitter.com/rohitjswl01
mileyrq,https://twitter.com/mileyrq,mileyrq,https://twitter.com/mileyrq,Watched #BadrinathKiDulhania amazing movie.. These kind of people does exist in up.. #fuckdowry love u @Varun_dvn amazing actor. #Loveyou .,"Reply
1","Retweet
41","Like
119",23 Mar 2017,https://twitter.com/mileyrq/status/844959538751008768,,
Indian Boxoffice,https://twitter.com/TradeBOC,TradeBOC,https://twitter.com/TradeBOC,#BadrinathKiDulhania becomes the biggest hit film for #varunDhawan in his career and also biggest hit of this year so far,"Reply
8","Retweet
47","Like
104",22 Mar 2017,https://twitter.com/TradeBOC/status/844721854237564928,,
Bollywood Bacchanal,https://twitter.com/BollyBacchanal,BollyBacchanal,https://twitter.com/BollyBacchanal,@Varun_dvn looks fab in his new ad for Lux Cozi Inner Wear #bollywood #varundhawan #badrinathkidulhania,Reply,"Retweet
44","Like
134",18 Mar 2017,https://twitter.com/BollyBacchanal/status/843119482902122497,,
Jankee,https://twitter.com/JANK_EE,JANK_EE,https://twitter.com/JANK_EE,Finally watched #BadrinathKiDulhania Absolutely loved the film & @Varun_dvn has nailed his performance @ShashankKhaitan take a Bow! Respect!,"Reply
13","Retweet
98","Like
437",21 Mar 2017,https://twitter.com/JANK_EE/status/844276186880622592,,
Dharma Productions,https://twitter.com/DharmaMovies,DharmaMovies,https://twitter.com/DharmaMovies,Badri and his Dulhania taking over the world! #BadrinathKiDulhania @Varun_dvn @aliaa08 @karanjohar,"Reply
27","Retweet
120","Like
797",20 Mar 2017,https://twitter.com/DharmaMovies/status/843756424635154432,Verified account,https://twitter.com/DharmaMovies
Sumit M kadel,https://twitter.com/SumitkadeI,SumitkadeI,https://twitter.com/SumitkadeI,#Judwaa2 release date is Fantastic. If promo of the film will be as good as #BadrinathKiDulhania than it will take bigger opening than badri,"Reply
4","Retweet
55","Like
142",21 Mar 2017,https://twitter.com/SumitkadeI/status/844103838286065665,Verified account,https://twitter.com/SumitkadeI
Sumit M kadel,https://twitter.com/SumitkadeI,SumitkadeI,https://twitter.com/SumitkadeI,"As i write this #BadrinathKiDulhania has crossed 100 crs net at the BO . Super duper hit . @Varun_dvn 3rd 100 grosser , @aliaa08 second .","Reply
5","Retweet
59","Like
159",23 Mar 2017,https://twitter.com/SumitkadeI/status/844949026097315841,Verified account,https://twitter.com/SumitkadeI
Rohit Jaiswal,https://twitter.com/rohitjswl01,rohitjswl01,https://twitter.com/rohitjswl01,"Success of #BadrinathKiDulhania is a Tyt slap on dose ppl face who says Ab Audience ko Commercial films pasand nhi ate, @Varun_dvn @aliaa08","Reply
8","Retweet
52","Like
126",18 Mar 2017,https://twitter.com/rohitjswl01/status/843354124666191872,Verified account,https://twitter.com/rohitjswl01
Nidhi Thakur,https://twitter.com/ChhotaRecharge,ChhotaRecharge,https://twitter.com/ChhotaRecharge,Also loved how well-balanced #BadrinathKiDulhania was in terms of its message! Almost like they had a debate team to analyze every argument.,Reply,"Retweet
23","Like
43",22 Mar 2017,https://twitter.com/ChhotaRecharge/status/844643414863958016,Verified account,https://twitter.com/ChhotaRecharge
Zoom TV,https://twitter.com/ZoomTV,ZoomTV,https://twitter.com/ZoomTV,".@Varun_dvn and @aliaa08 starrer, #BadrinathKiDulhania crosses Rs.160 crores worldwide","Reply
11","Retweet
54","Like
389",20 Mar 2017,https://twitter.com/ZoomTV/status/844073591759093760,Verified account,https://twitter.com/ZoomTV
taran adarsh,https://twitter.com/taran_adarsh,taran_adarsh,https://twitter.com/taran_adarsh,"#BadrinathKiDulhania is ROCKSTEADY... [Week 2] Fri 4.21 cr, Sat 5.90 cr, Sun 7.45 cr, Mon 2.72 cr, Tue 2.45 cr. Total: ₹ 96.39 cr. India biz","Reply
63","Retweet
371","Like
1.6K",21 Mar 2017,https://twitter.com/taran_adarsh/status/844434236799139841,Verified account,https://twitter.com/taran_adarsh
Dharma Productions,https://twitter.com/DharmaMovies,DharmaMovies,https://twitter.com/DharmaMovies,"#ThrowbackThursday to this candid moment of Badri & his Dulhania, riding along! #BadrinathKiDulhania
Book tix now http://m.p-y.tm/tbkdm","Reply
14","Retweet
134","Like
883",23 Mar 2017,https://twitter.com/DharmaMovies/status/844898866486919168,Verified account,https://twitter.com/DharmaMovies
Zoom TV,https://twitter.com/ZoomTV,ZoomTV,https://twitter.com/ZoomTV,if you loved @Varun_dvn and @aliaa08's chemistry in #BadrinathKiDulhania,"Reply
9","Retweet
90","Like
616",21 Mar 2017,https://twitter.com/ZoomTV/status/844432202502828032,Verified account,https://twitter.com/ZoomTV
India TV,https://twitter.com/indiatvnews,indiatvnews,https://twitter.com/indiatvnews,"@aliaa08 and @Varun_dvn's ‘#BadrinathKiDulhania’ mints Rs 96.39 cr, to enter 100 cr club by Friday","Reply
1","Retweet
26","Like
44",22 Mar 2017,https://twitter.com/indiatvnews/status/844447332670324736,Verified account,https://twitter.com/indiatvnews
Ramesh Bala,https://twitter.com/rameshlaus,rameshlaus,https://twitter.com/rameshlaus,"As of today, 2 wks since release - #BadrinathKiDulhania enters ₹ 100 cr Club.. 3rd 100 Cr movie for @Varun_dvn and 2nd movie for @aliaa08","Reply
14","Retweet
117","Like
1.2K",23 Mar 2017,https://twitter.com/rameshlaus/status/844956319396352000,Verified account,https://twitter.com/rameshlaus
Joginder Tuteja,https://twitter.com/Tutejajoginder,Tutejajoginder,https://twitter.com/Tutejajoginder,"#BadrinathKiDulhania enters #100CroreClub today
Many congrats @KaranJohar @shashankkhaitan @Varun_dvn @aliaa08 @apoorvamehta18 @foxstarhindi","Reply
1","Retweet
60","Like
232",23 Mar 2017,https://twitter.com/Tutejajoginder/status/844919991845568512,Verified account,https://twitter.com/Tutejajoginder
Bollywood Hungama,https://twitter.com/Bollyhungama,Bollyhungama,https://twitter.com/Bollyhungama,".@Varun_dvn, @aliaa08 were WAY MORE prepared for #BadrinathKiDulhania” : @Sahilwalavaid
http://bit.ly/2nfYcG1","Reply
4","Retweet
43","Like
181",23 Mar 2017,https://twitter.com/Bollyhungama/status/844866201721323521,Verified account,https://twitter.com/Bollyhungama
Zoom TV,https://twitter.com/ZoomTV,ZoomTV,https://twitter.com/ZoomTV,"Selfie Time!: @Varun_dvn with actress, @Sukhmanilamba21 on the sets of #BadrinathKiDulhania","Reply
2","Retweet
30","Like
287",23 Mar 2017,https://twitter.com/ZoomTV/status/844851225560416257,Verified account,https://twitter.com/ZoomTV
Kaushik LM,https://twitter.com/LMKMovieManiac,LMKMovieManiac,https://twitter.com/LMKMovieManiac,Superhit #BadrinathKiDulhania will cross the 100 CR all-India net mark today. @aliaa08 @Varun_dvn on top of their games. @DharmaMovies #BKD,"Reply
2","Retweet
74","Like
288",23 Mar 2017,https://twitter.com/LMKMovieManiac/status/844818761588731904,Verified account,https://twitter.com/LMKMovieManiac
Iyan Amjad,https://twitter.com/IyanAmjad,IyanAmjad,https://twitter.com/IyanAmjad,"@Sahilwalavaid's acting in #BadrinathKiDulhania was SUPERB!
He never fails to bring a smile to your face!!!
GREAT COMIC TIMING!","Reply
3","Retweet
54","Like
745",22 Mar 2017,https://twitter.com/IyanAmjad/status/844448694325972993,,
Indicine.com,https://twitter.com/indicine,indicine,https://twitter.com/indicine,#BadrinathKiDulhania Excellent run continues at the box office.,"Reply
2","Retweet
42","Like
91",21 Mar 2017,https://twitter.com/indicine/status/844104565993570304,,
Zoom TV,https://twitter.com/ZoomTV,ZoomTV,https://twitter.com/ZoomTV,".@Varun_dvn and @aliaa08 starrer, #BadrinathKiDulhania has collected Rs.91.22 crores till now","Reply
4","Retweet
77","Like
566",20 Mar 2017,https://twitter.com/ZoomTV/status/843862198736863232,Verified account,https://twitter.com/ZoomTV
Indicine.com,https://twitter.com/indicine,indicine,https://twitter.com/indicine,"#BadrinathKiDulhania decimates new releases. 2nd weekend 65% more than all new films, including Beauty and The Beast","Reply
1","Retweet
43","Like
95",20 Mar 2017,https://twitter.com/indicine/status/843798529013235712,,
Apoorva Mehta,https://twitter.com/apoorvamehta18,apoorvamehta18,https://twitter.com/apoorvamehta18,Well done team! #BadrinathKiDulhania @karanjohar @Varun_dvn @aliaa08 @ShashankKhaitan @DharmaMovies @foxstarhindi,"Reply
3","Retweet
73","Like
178",20 Mar 2017,https://twitter.com/apoorvamehta18/status/843766570962702336,Verified account,https://twitter.com/apoorvamehta18
Filmfare,https://twitter.com/filmfare,filmfare,https://twitter.com/filmfare,".@aliaa08 and @Varun_dvn’s #BadrinathKiDulhania is super hit!
Full report below.","Reply
6","Retweet
79","Like
365",20 Mar 2017,https://twitter.com/filmfare/status/843762262154215424,Verified account,https://twitter.com/filmfare
Bollywood Hungama,https://twitter.com/Bollyhungama,Bollyhungama,https://twitter.com/Bollyhungama,"""#BadrinathKiDulhania for me was like home"": @Sahilwalavaid #TalkingFilms","Reply
1","Retweet
46","Like
199",20 Mar 2017,https://twitter.com/Bollyhungama/status/843758529945178112,Verified account,https://twitter.com/Bollyhungama
POP Diaries,https://twitter.com/Popdiarieslive,Popdiarieslive,https://twitter.com/Popdiarieslive,"#BoxOffice: #BadrinathKiDulhania To Enter The 100 Crore Club Soon
http://popdiaries.com/2017/03/20/box-office-badrinath-ki-dulhania-enter-100-crore-club-soon/ …",Reply,"Retweet
30","Like
93",19 Mar 2017,https://twitter.com/Popdiarieslive/status/843690312858046464,,
Diana Sanchez,https://twitter.com/lovelydee0586,lovelydee0586,https://twitter.com/lovelydee0586,Waiting for @BKDMovie to start. Finally! @Varun_dvn! #BadrinathKiDulhania #VarunDhawan #AliaBhatt,"Reply
2","Retweet
46","Like
546",19 Mar 2017,https://twitter.com/lovelydee0586/status/843532935093350400,,
Movified Bollywood,https://twitter.com/MovifiedBolly,MovifiedBolly,https://twitter.com/MovifiedBolly,"#BadrinathKiDulhania rules the Box Office, new releases open to disastrous numbers @Varun_dvn @aliaa08 @BKDMovie https://www.movified.com/badrinath-ki-dulhania-rules-the-box-office-new-releases-open-to-disastrous-numbers …",Reply,"Retweet
39","Like
114",18 Mar 2017,https://twitter.com/MovifiedBolly/status/843340866718785536,,
Bollywood Hungama,https://twitter.com/Bollyhungama,Bollyhungama,https://twitter.com/Bollyhungama,"""#BadrinathKiDulhania is not a NORMAL story"": @Sahilwalavaid #TalkingFilms http://bit.ly/2nyTgdu",Reply,"Retweet
57","Like
252",18 Mar 2017,https://twitter.com/Bollyhungama/status/843110720749387777,Verified account,https://twitter.com/Bollyhungama
Joginder Tuteja,https://twitter.com/Tutejajoginder,Tutejajoginder,https://twitter.com/Tutejajoginder,"#BadrinathKiDulhania enters #100CroreClub today
Many congratulations @KaranJohar @shashankkhaitan @Varun_dvn @aliaa08 @foxstarhindi","Reply
2","Retweet
34","Like
82",23 Mar 2017,https://twitter.com/Tutejajoginder/status/844918076478910466,Verified account,https://twitter.com/Tutejajoginder
Varun Dhawan FanClub,https://twitter.com/VarunDhawan_FC,VarunDhawan_FC,https://twitter.com/VarunDhawan_FC,And #BadrinathKiDulhania is all set to cross 100cr today! 2 weeks of BKD already! Have you guys watched the film? ;) @Varun_dvn @BKDMovie,"Reply
2","Retweet
25","Like
66",23 Mar 2017,https://twitter.com/VarunDhawan_FC/status/844827554368282624,,
Aditi Raval,https://twitter.com/aditiraval,aditiraval,https://twitter.com/aditiraval,Someone just appreciated <3 @Varun_dvn @aliaa08 ki film #BadrinathKiDulhania is really doing well on box office. Total 96.39 cr,"Reply
1","Retweet
38","Like
79",22 Mar 2017,https://twitter.com/aditiraval/status/844532184400744452,Verified account,https://twitter.com/aditiraval
Desimartini,https://twitter.com/DMmovies,DMmovies,https://twitter.com/DMmovies,"Proof That @aliaa08 Will Make The Most Beautiful Dulhania Ever! #HTMostStylish
http://www.desimartini.com/news/bollywood/alia-bhatt-traditional-lehenga-bridal-looks/article47718.htm?utm_source=twitter&utm_medium=referral&utm_campaign=twitter_martinishots …
#AliaBhatt #BadrinathKiDulhania","Reply
3","Retweet
57","Like
152",22 Mar 2017,https://twitter.com/DMmovies/status/844502129096122368,Verified account,https://twitter.com/DMmovies
NDTV Movies,https://twitter.com/moviesndtv,moviesndtv,https://twitter.com/moviesndtv,#BadrinathKiDulhania Box Office Collection: @aliaa08 And @Varun_dvn's Film Is 'Rock Steady' https://goo.gl/04mRdA,Reply,"Retweet
32","Like
119",22 Mar 2017,https://twitter.com/moviesndtv/status/844472001934745600,,
Indian Express Entertainment,https://twitter.com/ieEntertainment,ieEntertainment,https://twitter.com/ieEntertainment,"#BadrinathKiDulhania box office collection day 12: @Varun_dvn, @aliaa08's film stays strong with Rs 96.39 cr
http://indianexpress.com/article/entertainment/badrinath-ki-dulhania-box-office-collection-day-12-varun-dhawan-alia-bhatt-film-4579511/ …","Reply
1","Retweet
27","Like
107",22 Mar 2017,https://twitter.com/ieEntertainment/status/844462867487305728,Verified account,https://twitter.com/ieEntertainment
pinkvilla,https://twitter.com/pinkvilla,pinkvilla,https://twitter.com/pinkvilla,Box Office Report: #BadrinathKiDulhania stays rock steady at the ticket windows,Reply,"Retweet
47","Like
133",22 Mar 2017,https://twitter.com/pinkvilla/status/844458755471355904,Verified account,https://twitter.com/pinkvilla
Buzzing Tracks,https://twitter.com/BuzzingTracks,BuzzingTracks,https://twitter.com/BuzzingTracks,"Just like a doll @aliaa08's adorable gesture towards @Varun_dvn.
Did you enjoy watching them in #BadrinathKiDulhania","Reply
1","Retweet
25","Like
81",21 Mar 2017,https://twitter.com/BuzzingTracks/status/844405779679629312,,
pinkvilla,https://twitter.com/pinkvilla,pinkvilla,https://twitter.com/pinkvilla,#VarunDhawan: #KaranJohar kept saying #BadrinathKiDulhania would be a roaring hit http://www.pinkvilla.com/entertainment/news/374834/varun-dhawan-karan-johar-kept-saying-badrinath-ki-dulhania-would-be … @Varun_dvn @karanjohar,"Reply
2","Retweet
47","Like
114",21 Mar 2017,https://twitter.com/pinkvilla/status/844381393660588032,Verified account,https://twitter.com/pinkvilla
Bollywood Hungama,https://twitter.com/Bollyhungama,Bollyhungama,https://twitter.com/Bollyhungama,"#BoxOffice #BadrinathKiDulhania inches closer to ₹ 100 cr... [Week 2] Fri 4.21 cr, Sat 5.90 cr, Sun 7.45 cr, Mon 2.72 cr. Total: ₹ 93.94 cr.","Reply
1","Retweet
21","Like
143",20 Mar 2017,https://twitter.com/Bollyhungama/status/844079845231542272,Verified account,https://twitter.com/Bollyhungama
The Indian Express,https://twitter.com/IndianExpress,IndianExpress,https://twitter.com/IndianExpress,"#BadrinathKiDulhania box office collection day 10: @Varun_dvn, @aliaa08 film earns Rs 91.22 cr
http://indianexpress.com/article/entertainment/badrinath-ki-dulhania-box-office-collection-day-10-varun-dhawan-alia-bhatt-film-4576337/ …","Reply
2","Retweet
19","Like
62",20 Mar 2017,https://twitter.com/IndianExpress/status/843751274914889728,Verified account,https://twitter.com/IndianExpress
Indiacom,https://twitter.com/indiacom,indiacom,https://twitter.com/indiacom,#BadrinathKiDulhania box office Day 10: @aliaa08 - @Varun_dvn starrer rakes in Rs 92 crores! Becomes the first SUPERHIT of 2017!,"Reply
1","Retweet
37","Like
69",20 Mar 2017,https://twitter.com/indiacom/status/843735339399335936,Verified account,https://twitter.com/indiacom
Movified Bollywood,https://twitter.com/MovifiedBolly,MovifiedBolly,https://twitter.com/MovifiedBolly,#BadrinathKiDulhania is all set to become the highest grosser of @aliaa08 and @Varun_dvn’s career @BKDMovie https://www.movified.com/badrinath-ki-dulhania-is-all-set-to-become-the-highest-grosser-of-alia-bhatt-and-varun-dhawans-career …,Reply,"Retweet
46","Like
112",19 Mar 2017,https://twitter.com/MovifiedBolly/status/843710666632519681,,
Indicine.com,https://twitter.com/indicine,indicine,https://twitter.com/indicine,#BadrinathKiDulhania 2nd Friday Collections: Unstoppable at the box office,"Reply
2","Retweet
35","Like
73",18 Mar 2017,https://twitter.com/indicine/status/843002464001441792,,
Bollywood Hungama,https://twitter.com/Bollyhungama,Bollyhungama,https://twitter.com/Bollyhungama,"#BoxOffice: @Varun_dvn, @aliaa08's #BadrinathKiDulhania collects ₹ 4.21 cr on Friday [Week 2] Total: ₹ 77.87 cr (India)","Reply
1","Retweet
41","Like
188",18 Mar 2017,https://twitter.com/Bollyhungama/status/843000917951623169,Verified account,https://twitter.com/Bollyhungama
Talkingmoviez.com,https://twitter.com/Talkingmoviez,Talkingmoviez,https://twitter.com/Talkingmoviez,#BadrinathKiDulhania is the Biggest Bollywood Grosser Ever for the month of March @Varun_dvn @aliaa08 @karanjohar http://www.talkingmoviez.com/badrinath-ki-dulhania-is-the-biggest-grosser-ever-in-march-month/ …,"Reply
2","Retweet
25","Like
44",17 Mar 2017,https://twitter.com/Talkingmoviez/status/842979637835812865,,
Bollywood Hungama,https://twitter.com/Bollyhungama,Bollyhungama,https://twitter.com/Bollyhungama,".@Varun_dvn & @aliaa08 's #BadrinathKiDulhania Day 7 (Thu) #Canada #boxoffice $13,336 [Rs. 8.72 lacs] frm 18 scrns",Reply,"Retweet
26","Like
105",17 Mar 2017,https://twitter.com/Bollyhungama/status/842775403194408962,Verified account,https://twitter.com/Bollyhungama
Joginder Tuteja,https://twitter.com/Tutejajoginder,Tutejajoginder,https://twitter.com/Tutejajoginder,"#BadrinathKiDulhania is a Superhit, crosses #KapoorAndSons lifetime in one week http://bit.ly/2ntYlHj
@MovieTalkies","Reply
3","Retweet
51","Like
213",17 Mar 2017,https://twitter.com/Tutejajoginder/status/842774165585190914,Verified account,https://twitter.com/Tutejajoginder
Zoom TV,https://twitter.com/ZoomTV,ZoomTV,https://twitter.com/ZoomTV,".@Varun_dvn and @aliaa08 starrer, #BadrinathKiDulhania has collected Rs.73.66 crores till now","Reply
5","Retweet
64","Like
355",17 Mar 2017,https://twitter.com/ZoomTV/status/842729739471085568,Verified account,https://twitter.com/ZoomTV
BadrinathKiDulhania,https://twitter.com/BKDMovie,BKDMovie,https://twitter.com/BKDMovie,How cool is this? Badri & the two generations of the Bhatt family looking as funky as ever! #BadrinathKiDulhania @Varun_dvn @aliaa08,"Reply
15","Retweet
142","Like
512",17 Mar 2017,https://twitter.com/BKDMovie/status/842714460892545029,,
Filmfare,https://twitter.com/filmfare,filmfare,https://twitter.com/filmfare,The who's who of Bollywood join @aliaa08 and @Varun_dvn to celebrate #BadrinathKiDulhania's success.,"Reply
1","Retweet
59","Like
240",17 Mar 2017,https://twitter.com/filmfare/status/842697215193763841,Verified account,https://twitter.com/filmfare
Zoom TV,https://twitter.com/ZoomTV,ZoomTV,https://twitter.com/ZoomTV,"if you love the #BadrinathKiDulhania pair, @Varun_dvn and @aliaa08","Reply
5","Retweet
88","Like
525",17 Mar 2017,https://twitter.com/ZoomTV/status/842680664067588096,Verified account,https://twitter.com/ZoomTV
Zoom TV,https://twitter.com/ZoomTV,ZoomTV,https://twitter.com/ZoomTV,"#PicturePerfect: #BadrinathKiDulhania stars, @Varun_dvn and @aliaa08 with @sonakshisinha","Reply
5","Retweet
60","Like
334",17 Mar 2017,https://twitter.com/ZoomTV/status/842642912542310400,Verified account,https://twitter.com/ZoomTV
BadrinathKiDulhania,https://twitter.com/BKDMovie,BKDMovie,https://twitter.com/BKDMovie,About last night! #BadrinathKiDulhania @Varun_dvn @aliaa08,"Reply
13","Retweet
182","Like
611",16 Mar 2017,https://twitter.com/BKDMovie/status/842631346124021760,,
taran adarsh,https://twitter.com/taran_adarsh,taran_adarsh,https://twitter.com/taran_adarsh,#BadrinathKiDulhania has an EXCELLENT Week 1... Collects ₹ 73.66 cr... Expected to dominate this week again... Day-wise data follows...,"Reply
20","Retweet
238","Like
1.2K",16 Mar 2017,https://twitter.com/taran_adarsh/status/842630249837871105,Verified account,https://twitter.com/taran_adarsh
Sonakshi Sinha,https://twitter.com/sonakshisinha,sonakshisinha,https://twitter.com/sonakshisinha,Celebrating the success of these two sensational people!!! Most well deserved @aliaa08 @Varun_dvn #BadrinathKiDulhania,"Reply
111","Retweet
408","Like
3.7K",16 Mar 2017,https://twitter.com/sonakshisinha/status/842592615912693761,Verified account,https://twitter.com/sonakshisinha
VisitSingapore IN,https://twitter.com/VisitSG_IN,VisitSG_IN,https://twitter.com/VisitSG_IN,"Badri is in love and we can't wait for you to know who it is. Go on, hit play now! #BKDInSingapore #BadrinathKiDulhania @aliaa08 @Varun_dvn","Reply
9","Retweet
111","Like
211",16 Mar 2017,https://twitter.com/VisitSG_IN/status/842339646247952385,,
taran adarsh,https://twitter.com/taran_adarsh,taran_adarsh,https://twitter.com/taran_adarsh,"Question is, will #BadrinathKiDulhania hit a century [₹ 100 cr]? Performance in Weekend 2 will give a fair idea of its lifetime biz...","Reply
48","Retweet
169","Like
1.1K",16 Mar 2017,https://twitter.com/taran_adarsh/status/842301174808162304,Verified account,https://twitter.com/taran_adarsh
taran adarsh,https://twitter.com/taran_adarsh,taran_adarsh,https://twitter.com/taran_adarsh,#BadrinathKiDulhania is looking at ₹ 73 cr [+/-] Week 1... All set to cross *lifetime biz* of #HumptySharmaKiDulhania in Weekend 2... SUPER!,"Reply
18","Retweet
202","Like
1.1K",16 Mar 2017,https://twitter.com/taran_adarsh/status/842301062329466880,Verified account,https://twitter.com/taran_adarsh
Zoom TV,https://twitter.com/ZoomTV,ZoomTV,https://twitter.com/ZoomTV,"After #BadrinathKiDulhania, director, @ShashankKhaitan plans to make third Dulhania film","Reply
25","Retweet
89","Like
467",16 Mar 2017,https://twitter.com/ZoomTV/status/842291855572242433,Verified account,https://twitter.com/ZoomTV
Faridoon Shahryar,https://twitter.com/iFaridoon,iFaridoon,https://twitter.com/iFaridoon,Selfie time with talented @Sahilwalavaid who played @Varun_dvn best friend Somdev in #BadrinathKiDulhania #TalkingFilms,"Reply
13","Retweet
65","Like
448",16 Mar 2017,https://twitter.com/iFaridoon/status/842283033294077952,Verified account,https://twitter.com/iFaridoon
Zoom TV,https://twitter.com/ZoomTV,ZoomTV,https://twitter.com/ZoomTV,"Catch the #BadrinathKiDulhania stars,@Varun_dvn & @aliaa08 celebrating Holi at the #ZoomHoliParty
Don't forget to tune into zoom at 8.30 pm","Reply
4","Retweet
54","Like
211",16 Mar 2017,https://twitter.com/ZoomTV/status/842280345558892544,Verified account,https://twitter.com/ZoomTV
Indicine.com,https://twitter.com/indicine,indicine,https://twitter.com/indicine,"#BadrinathKiDulhania Fri 12.25 cr, Sat 14.75 cr, Sun 16.05 cr, Mon 12.08 cr, Tue 7.52 cr. 5-day Total 62.65 crore net box office collections","Reply
6","Retweet
83","Like
152",15 Mar 2017,https://twitter.com/indicine/status/841924335296249857,,
RJ ALOK,https://twitter.com/OYERJALOK,OYERJALOK,https://twitter.com/OYERJALOK,Collection : @Varun_dvn n @aliaa08 *er #BadrinathKiDulhania collects Rs 7.15 Cr on Tue n Total = Rs. 62.28 Cr. Mubaarak @karanjohar #RjAlok,"Reply
2","Retweet
55","Like
89",14 Mar 2017,https://twitter.com/OYERJALOK/status/841879267692670976,Verified account,https://twitter.com/OYERJALOK
SAGAR,https://twitter.com/sagarcasm,sagarcasm,https://twitter.com/sagarcasm,"In the movie #BadrinathKiDulhania, Varun is from UP, Alia is from Rajasthan and both of them have Bhojpuri accent. In fact Alia has better.","Reply
34","Retweet
146","Like
444",14 Mar 2017,https://twitter.com/sagarcasm/status/841679097973608448,,
Dharma Productions,https://twitter.com/DharmaMovies,DharmaMovies,https://twitter.com/DharmaMovies,"Humpty's wit to Badri's innocence, #transformationtuesday done right! @Varun_dvn #HSKD #BadrinathKiDulhania","Reply
12","Retweet
153","Like
948",14 Mar 2017,https://twitter.com/DharmaMovies/status/841628609349582848,Verified account,https://twitter.com/DharmaMovies
Dharma Productions,https://twitter.com/DharmaMovies,DharmaMovies,https://twitter.com/DharmaMovies,"From Kaavya to Vaidehi, @aliaa08's transformation game is strong! #transformationtuesday #HSKD #BadrinathKiDulhania","Reply
16","Retweet
160","Like
1.1K",14 Mar 2017,https://twitter.com/DharmaMovies/status/841588674793996288,Verified account,https://twitter.com/DharmaMovies
Indicine.com,https://twitter.com/indicine,indicine,https://twitter.com/indicine,"#BadrinathKiDulhania is rock-solid today too. 100 crore almost a certainty now, could go on to be 2nd highest grosser of the year.","Reply
12","Retweet
95","Like
206",14 Mar 2017,https://twitter.com/indicine/status/841554796188434432,,
BadrinathKiDulhania,https://twitter.com/BKDMovie,BKDMovie,https://twitter.com/BKDMovie,Still giving the #Holi vibes! #BadrinathKiDulhania @Varun_dvn @aliaa08,"Reply
14","Retweet
159","Like
595",14 Mar 2017,https://twitter.com/BKDMovie/status/841546546286080002,,
Zoya Fatima,https://twitter.com/fatima_zoya26,fatima_zoya26,https://twitter.com/fatima_zoya26,"Omg this is such a cute edit
Baby Badri and baby Vaidehi @Varun_dvn @aliaa08
#BadrinathKiDulhania
Pc: @walaa.dvn","Reply
7","Retweet
87","Like
154",13 Mar 2017,https://twitter.com/fatima_zoya26/status/841532777866629120,,
taran adarsh,https://twitter.com/taran_adarsh,taran_adarsh,https://twitter.com/taran_adarsh,"#BadrinathKiDulhania has a SUPERB Mon... Crosses ₹ 55 cr... Fri 12.25 cr, Sat 14.75 cr, Sun 16.05 cr, Mon 12.08 cr. Total: ₹ 55.13 cr.","Reply
60","Retweet
509","Like
2.2K",13 Mar 2017,https://twitter.com/taran_adarsh/status/841532023927783424,Verified account,https://twitter.com/taran_adarsh
Zoom TV,https://twitter.com/ZoomTV,ZoomTV,https://twitter.com/ZoomTV,Here's another lovely picture of the #BadrinathKiDulhania duo @aliaa08 and @Varun_dvn celebrating Holi at the #ZoomHoliParty,"Reply
3","Retweet
78","Like
373",13 Mar 2017,https://twitter.com/ZoomTV/status/841525549411442688,Verified account,https://twitter.com/ZoomTV
Rahul Sharma,https://twitter.com/ImRahulSharma3,ImRahulSharma3,https://twitter.com/ImRahulSharma3,Last night saw the movie #BadrinathKiDulhania in mumbai and good to see u paaji @Varun_dvn and @aliaa08 city mall really awesome movie,"Reply
5","Retweet
82","Like
255",13 Mar 2017,https://twitter.com/ImRahulSharma3/status/841339157708435457,Verified account,https://twitter.com/ImRahulSharma3
Indicine.com,https://twitter.com/indicine,indicine,https://twitter.com/indicine,#BadrinathKiDulhania is recording excellent collections on Holi holiday. Double digit total on Monday looks likely. Big winner.,"Reply
7","Retweet
89","Like
180",13 Mar 2017,https://twitter.com/indicine/status/841324409931554816,,
Milap,https://twitter.com/zmilap,zmilap,https://twitter.com/zmilap,Power of entertaining cinema! What a great way to also give a super pro women message! Bravo #BadrinathKiDulhania,"Reply
2","Retweet
60","Like
169",13 Mar 2017,https://twitter.com/zmilap/status/841318497804275712,Verified account,https://twitter.com/zmilap
Girish Johar,https://twitter.com/girishjohar,girishjohar,https://twitter.com/girishjohar,4 days.. hitting half century at BO.. breaking all myths of Pre Holi & Dull exam period. #BadrinathKiDulhania is on @Varun_dvn @aliaa08,"Reply
4","Retweet
81","Like
185",13 Mar 2017,https://twitter.com/girishjohar/status/841312802262417409,Verified account,https://twitter.com/girishjohar
Faridoon Shahryar,https://twitter.com/iFaridoon,iFaridoon,https://twitter.com/iFaridoon,Actually an interview with @Varun_dvn n @aliaa08 is a must.. They are a blockbuster pair n #BadrinathKiDulhania is a super hit!! :) https://twitter.com/free_dentist/status/841301099290251265 …,"Reply
14","Retweet
61","Like
138",13 Mar 2017,https://twitter.com/iFaridoon/status/841301376164540416,Verified account,https://twitter.com/iFaridoon
Faridoon Shahryar,https://twitter.com/iFaridoon,iFaridoon,https://twitter.com/iFaridoon,Just watched #BadrinathKiDulhania with Aarefa and Insha at a packed auditorium.. Thoroughly entertained n energised!!,"Reply
3","Retweet
63","Like
255",13 Mar 2017,https://twitter.com/iFaridoon/status/841292072074194944,Verified account,https://twitter.com/iFaridoon
Harshvardhan Rane,https://twitter.com/harsha_actor,harsha_actor,https://twitter.com/harsha_actor,Watched #BadrinathKiDulhania. Finally a #Bollywood film after #Raanjhaana. My 2 fav actors in it. Total justice to the genre. Full masala,"Reply
28","Retweet
99","Like
524",13 Mar 2017,https://twitter.com/harsha_actor/status/841248010608771072,Verified account,https://twitter.com/harsha_actor
POP Diaries,https://twitter.com/Popdiarieslive,Popdiarieslive,https://twitter.com/Popdiarieslive,".@aliaa08, @Varun_dvn And @S1dharthM Snapped at #ZoomHoliParty #BadrinathKiDulhania","Reply
2","Retweet
99","Like
241",13 Mar 2017,https://twitter.com/Popdiarieslive/status/841235208519200768,,
Varun Dhawan,https://twitter.com/Varun_dvn,Varun_dvn,https://twitter.com/Varun_dvn,#BadrinathKiDulhania wishes you a #HappyHoli,"Reply
481","Retweet
1.3K","Like
11K",13 Mar 2017,https://twitter.com/Varun_dvn/status/841234412473786368,Verified account,https://twitter.com/Varun_dvn
taran adarsh,https://twitter.com/taran_adarsh,taran_adarsh,https://twitter.com/taran_adarsh,#BadrinathKiDulhania is TERRIFIC Overseas... Opening weekend: $ 2.82 million [₹ 18.71 cr]... Second highest *3-day opening* of 2017.,"Reply
34","Retweet
334","Like
1.5K",13 Mar 2017,https://twitter.com/taran_adarsh/status/841229630820368384,Verified account,https://twitter.com/taran_adarsh
Bollywood Hungama,https://twitter.com/Bollyhungama,Bollyhungama,https://twitter.com/Bollyhungama,"#BoxOffice @Varun_dvn & @aliaa08 's #BadrinathKiDulhania collects Rs. 43.05 cr. Fri 12.25 cr, Sat 14.75 cr, Sun 16.05 cr.","Reply
4","Retweet
87","Like
253",12 Mar 2017,https://twitter.com/Bollyhungama/status/841176621004513280,Verified account,https://twitter.com/Bollyhungama
taran adarsh,https://twitter.com/taran_adarsh,taran_adarsh,https://twitter.com/taran_adarsh,#BadrinathKiDulhania has a ROCKING weekend... Jumps past ₹ 40 cr mark... Day-wise growth says it all... Data in next tweet...,"Reply
17","Retweet
227","Like
1.2K",12 Mar 2017,https://twitter.com/taran_adarsh/status/841175918764744704,Verified account,https://twitter.com/taran_adarsh
Dharma Productions,https://twitter.com/DharmaMovies,DharmaMovies,https://twitter.com/DharmaMovies,Let love be the color of the season! Wishing you all a very #HappyHoli from Badri & his Dulhania! #BadrinathKiDulhania @Varun_dvn @aliaa08,"Reply
15","Retweet
183","Like
999",12 Mar 2017,https://twitter.com/DharmaMovies/status/841144295184769026,Verified account,https://twitter.com/DharmaMovies
taran adarsh,https://twitter.com/taran_adarsh,taran_adarsh,https://twitter.com/taran_adarsh,#BadrinathKiDulhania hits the bull's eye... @Varun_dvn @aliaa08 consolidate status... My analysis:,"Reply
20","Retweet
170","Like
878",12 Mar 2017,https://twitter.com/taran_adarsh/status/841143664424378368,Verified account,https://twitter.com/taran_adarsh
Bollywood Hungama,https://twitter.com/Bollyhungama,Bollyhungama,https://twitter.com/Bollyhungama,"#BusinessTalk: #BadrinathKiDulhania hits the bull’s eye, consolidates @Varun_dvn and @aliaa08 ’s status in Bollywood","Reply
1","Retweet
35","Like
173",12 Mar 2017,https://twitter.com/Bollyhungama/status/841136867152125952,Verified account,https://twitter.com/Bollyhungama
"dilpu
⚡️",https://twitter.com/dilpreeeeet,dilpreeeeet,https://twitter.com/dilpreeeeet,"Also... I spotted another beauty in #BadrinathKiDulhania !
@GAUAHAR_KHAN you were amazingggg - can't wait for #BegumJaan now!!","Reply
1","Retweet
36","Like
240",12 Mar 2017,https://twitter.com/dilpreeeeet/status/841023786057138177,,
Box Office Collection,https://twitter.com/BOCIndia,BOCIndia,https://twitter.com/BOCIndia,Movie Review: #BadrinathKiDulhania is a Delightful Family Entertainer (3.5/5 Stars) https://shar.es/1UZNmi,"Reply
11","Retweet
55","Like
540",12 Mar 2017,https://twitter.com/BOCIndia/status/841023109926928384,,
Zohra Gilani,https://twitter.com/gilani_zohra,gilani_zohra,https://twitter.com/gilani_zohra,"Watched #BadrinathKiDulhania n saw d hottest,cuttest n classiest @GAUAHAR_KHAN as police officer.Great wrk gau,ur voice ur expression superb","Reply
6","Retweet
38","Like
257",12 Mar 2017,https://twitter.com/gilani_zohra/status/841001716573208576,,
ARMAAN MALIK,https://twitter.com/ArmaanMalik22,ArmaanMalik22,https://twitter.com/ArmaanMalik22,.@Varun_dvn & @aliaa08 you both have truly slayed in #BadrinathKiDulhania but however the real hero is @ShashankKhaitan! SUPERB FILM!,"Reply
132","Retweet
460","Like
1.8K",12 Mar 2017,https://twitter.com/ArmaanMalik22/status/840993212525367298,Verified account,https://twitter.com/ArmaanMalik22
Bollywood Hungama,https://twitter.com/Bollyhungama,Bollyhungama,https://twitter.com/Bollyhungama,#Boxoffice update @Varun_dvn & @aliaa08 's #BadrinathKiDulhania sees further growth; to end Day 3 around 16-17 cr,"Reply
1","Retweet
33","Like
147",12 Mar 2017,https://twitter.com/Bollyhungama/status/840951180247330817,Verified account,https://twitter.com/Bollyhungama
Raj Nayak,https://twitter.com/rajcheerfull,rajcheerfull,https://twitter.com/rajcheerfull,Congratulations @aliaa08 @Varun_dvn @ShashankKhaitan @karanjohar for @BKDMovie #BadrinathKiDulhania. #BoxOffice Hit che ! @DharmaMovies,"Reply
10","Retweet
84","Like
300",12 Mar 2017,https://twitter.com/rajcheerfull/status/840926678343802880,Verified account,https://twitter.com/rajcheerfull
Alia Bhatt,https://twitter.com/aliaa08,aliaa08,https://twitter.com/aliaa08,Thank you for the love!!!!! It really really really means a lot!!! #BadrinathKiDulhania @Varun_dvn @ShashankKhaitan @karanjohar,"Reply
559","Retweet
1.3K","Like
11K",12 Mar 2017,https://twitter.com/aliaa08/status/840925475451088896,Verified account,https://twitter.com/aliaa08
Movified Bollywood,https://twitter.com/MovifiedBolly,MovifiedBolly,https://twitter.com/MovifiedBolly,.@Varun_dvn and @aliaa08 at #PVR. #BadrinathKiDulhania,Reply,"Retweet
73","Like
145",12 Mar 2017,https://twitter.com/MovifiedBolly/status/840914746022883328,,
Varun Dhawan,https://twitter.com/Varun_dvn,Varun_dvn,https://twitter.com/Varun_dvn,#BadrinathKiDulhania thank u for the catch us in the theatre,"Reply
443","Retweet
1.1K","Like
7.6K",12 Mar 2017,https://twitter.com/Varun_dvn/status/840906159674531848,Verified account,https://twitter.com/Varun_dvn
Desimartini,https://twitter.com/DMmovies,DMmovies,https://twitter.com/DMmovies,"AUDIENCE REVIEW
""What a brilliant stand for every Indian girl – #BadrinathKiDulhania!"" says MJ @deo26!
4.0 stars
http://www.desimartini.com/reviews/rahul-bharadwaj-badrinath-ki-dulhania/rd34744md4994.htm?utm_source=twitter&utm_medium=referral&utm_campaign=twitter_martinishots …","Reply
10","Retweet
126","Like
1.1K",12 Mar 2017,https://twitter.com/DMmovies/status/840889761724227584,Verified account,https://twitter.com/DMmovies
RJ ALOK,https://twitter.com/OYERJALOK,OYERJALOK,https://twitter.com/OYERJALOK,"Collection : #BadrinathKiDulhania
Fri 12.25 cr,
Sat 14.75 cr.
Total: 27 Cr
Sunday seems Bigger ! @karanjohar @aliaa08 @Varun_dvn #RjAlok","Reply
1","Retweet
76","Like
113",11 Mar 2017,https://twitter.com/OYERJALOK/status/840817067037192192,Verified account,https://twitter.com/OYERJALOK
Rohit Jaiswal,https://twitter.com/rohitjswl01,rohitjswl01,https://twitter.com/rohitjswl01,17.50-18cr hai aaj #BadrinathKiDulhania... Congratulations to all @Varun_dvn nd @aliaa08 fans...,"Reply
3","Retweet
47","Like
87",11 Mar 2017,https://twitter.com/rohitjswl01/status/840813807450619904,Verified account,https://twitter.com/rohitjswl01
BadrinathKiDulhania,https://twitter.com/BKDMovie,BKDMovie,https://twitter.com/BKDMovie,How gorgeous does that look? @aliaa08 #BadrinathKiDulhania,"Reply
3","Retweet
91","Like
342",11 Mar 2017,https://twitter.com/BKDMovie/status/840805396524675072,,
Indicine.com,https://twitter.com/indicine,indicine,https://twitter.com/indicine,"#BadrinathKiDulhania is showing excellent trend, big jump in business on Saturday. Sunday morning shows better than first two days.","Reply
5","Retweet
69","Like
150",11 Mar 2017,https://twitter.com/indicine/status/840801568991653888,,
Faridoon Shahryar,https://twitter.com/iFaridoon,iFaridoon,https://twitter.com/iFaridoon,So #BadrinathKiDulhania is rocking the box office and @Varun_dvn and @aliaa08 set #ZeeCineAwards2017 on fire last night...,"Reply
1","Retweet
47","Like
146",11 Mar 2017,https://twitter.com/iFaridoon/status/840778629348904960,Verified account,https://twitter.com/iFaridoon
Shaad Randhawa,https://twitter.com/Shaadrandhawa,Shaadrandhawa,https://twitter.com/Shaadrandhawa,"@Varun_dvn u were amazing as Badri ! The accent, the expressions , d walk , d smallest of nuisances.Simply Brilliant! #BadrinathKiDulhania","Reply
6","Retweet
75","Like
146",11 Mar 2017,https://twitter.com/Shaadrandhawa/status/840776567823437828,Verified account,https://twitter.com/Shaadrandhawa
Ranbir Kapoor Fan Club,https://twitter.com/RanbirKapoorFC,RanbirKapoorFC,https://twitter.com/RanbirKapoorFC,Ranbir Kapoor at the screening of #BadrinathKiDulhania,"Reply
10","Retweet
135","Like
395",11 Mar 2017,https://twitter.com/RanbirKapoorFC/status/840690692418592768,,
Subrat Saurabh,https://twitter.com/ChickenBiryanii,ChickenBiryanii,https://twitter.com/ChickenBiryanii,"Dear @ArvindKejriwal
As you are free, Can you please share the review of #BadrinathKiDulhania
Dekhu ki naa Dekhu?","Reply
6","Retweet
68","Like
130",11 Mar 2017,https://twitter.com/ChickenBiryanii/status/840565137442451456,,
Movified Bollywood,https://twitter.com/MovifiedBolly,MovifiedBolly,https://twitter.com/MovifiedBolly,Here's why #BadrinathKiDulhania is perfect medium to bring about much needed change @Varun_dvn @aliaa08 @BKDMovie https://www.movified.com/heres-why-badrinath-ki-dulhania-is-the-perfect-medium-to-bring-about-much-needed-change …,Reply,"Retweet
57","Like
161",11 Mar 2017,https://twitter.com/MovifiedBolly/status/840564946610073600,,
Chintan Shah,https://twitter.com/ckshah7,ckshah7,https://twitter.com/ckshah7,Just watched #BadrinathKiDulhania ! Loved it! @Varun_dvn It's amazing to see u grow so much as an actor! Keep entertaining us! Best wishes!,"Reply
1","Retweet
63","Like
196",11 Mar 2017,https://twitter.com/ckshah7/status/840564852728840192,,
Rajat Arora,https://twitter.com/rajatsaroraa,rajatsaroraa,https://twitter.com/rajatsaroraa,"#BadrinathKiDulhania Full masti, naach, gana! Conveys a social msg more effectively than many others! @aliaa08 @Varun_dvn @karanjohar","Reply
2","Retweet
79","Like
145",11 Mar 2017,https://twitter.com/rajatsaroraa/status/840564587187462148,Verified account,https://twitter.com/rajatsaroraa
SANIKA.,https://twitter.com/SANIKA_KOKATE,SANIKA_KOKATE,https://twitter.com/SANIKA_KOKATE,Just saw #BadrinathKiDulhania Varun you've evolved so much as an actor Totally in love with the entire movie just so perfect @Varun_dvn,"Reply
6","Retweet
56","Like
121",11 Mar 2017,https://twitter.com/SANIKA_KOKATE/status/840539597813796864,,
Dreamboy Varun,https://twitter.com/Varun_Dreamboy,Varun_Dreamboy,https://twitter.com/Varun_Dreamboy,"Female fans gathered in a huge number to watch #BadrinathKiDulhania
.
.
.
WATCH BKD IN CINEMAS
@Varun_dvn @aliaa08","Reply
4","Retweet
65","Like
227",11 Mar 2017,https://twitter.com/Varun_Dreamboy/status/840506954862776320,,
Bollywood Hungama,https://twitter.com/Bollyhungama,Bollyhungama,https://twitter.com/Bollyhungama,#BoxOffice: @Varun_dvn & @aliaa08 's #BadrinathKiDulhania becomes 3rd highest opening day grosser of 2017,"Reply
1","Retweet
57","Like
159",11 Mar 2017,https://twitter.com/Bollyhungama/status/840502603553288192,Verified account,https://twitter.com/Bollyhungama
FilmyGalaxy.com,https://twitter.com/FilmyGalaxy,FilmyGalaxy,https://twitter.com/FilmyGalaxy,"https://goo.gl/zxZs8i
. @Varun_dvn's BB opening day figures from (12-17) prove he will rule Bollywood for a long time
#BadrinathKiDulhania","Reply
1","Retweet
44","Like
78",11 Mar 2017,https://twitter.com/FilmyGalaxy/status/840478391270817792,,
ETC Bollywood,https://twitter.com/ETCBollywood,ETCBollywood,https://twitter.com/ETCBollywood,#BadrinathKiDulhania is off to a good start collecting 12.25 cr on its first day. Are you planning to watch it this weekend?,"Reply
6","Retweet
49","Like
208",10 Mar 2017,https://twitter.com/ETCBollywood/status/840460830256775168,Verified account,https://twitter.com/ETCBollywood
Indicine.com,https://twitter.com/indicine,indicine,https://twitter.com/indicine,#BadrinathKiDulhania collects Rs 12.25 crore on Day 1. Excellent start considering dull period due to exams.,"Reply
14","Retweet
77","Like
137",10 Mar 2017,https://twitter.com/indicine/status/840451133063778304,,
Bollywood Hungama,https://twitter.com/Bollyhungama,Bollyhungama,https://twitter.com/Bollyhungama,#BoxOffice @Varun_dvn & @aliaa08 's #BadrinathKiDulhania has an IMPRESSIVE Day 1 collects Rs. 12.25 cr on Friday,"Reply
5","Retweet
60","Like
196",10 Mar 2017,https://twitter.com/Bollyhungama/status/840447815998304256,Verified account,https://twitter.com/Bollyhungama
taran adarsh,https://twitter.com/taran_adarsh,taran_adarsh,https://twitter.com/taran_adarsh,#BadrinathKiDulhania has an IMPRESSIVE Day 1... Biz likely to multiply over weekend... Strong word of mouth... Fri ₹ 12.25 cr. India biz.,"Reply
94","Retweet
579","Like
2.3K",10 Mar 2017,https://twitter.com/taran_adarsh/status/840447488091815937,Verified account,https://twitter.com/taran_adarsh
Sumit M kadel,https://twitter.com/SumitkadeI,SumitkadeI,https://twitter.com/SumitkadeI,#BadrinathKiDulhania took bigger opening than #JollyLLB2 . Shows the star power of @Varun_dvn & @aliaa08 . Congratulations @DharmaMovies,"Reply
5","Retweet
49","Like
115",10 Mar 2017,https://twitter.com/SumitkadeI/status/840422148598595584,Verified account,https://twitter.com/SumitkadeI
BadrinathKiDulhania,https://twitter.com/BKDMovie,BKDMovie,https://twitter.com/BKDMovie,Hope you have a Badri-fied weekend ahead! Book your tickets for #BadrinathKiDulhania now: http://m.p-y.tm/tbkdm @Varun_dvn @aliaa08,"Reply
8","Retweet
129","Like
541",10 Mar 2017,https://twitter.com/BKDMovie/status/840413229864050688,,
Prabal Gurung,https://twitter.com/prabalgurung,prabalgurung,https://twitter.com/prabalgurung,My masala cravings satisfied w #BadrinathKiDulhania entertainment Really enjoyed it @Varun_dvn @aliaa08 lots of from NY xPG.,"Reply
4","Retweet
69","Like
172",10 Mar 2017,https://twitter.com/prabalgurung/status/840363563109797888,Verified account,https://twitter.com/prabalgurung
Girish Johar,https://twitter.com/girishjohar,girishjohar,https://twitter.com/girishjohar,#BadrinathKiDulhania is POISED TO BE 2nd Highest opener of the year !!! @Varun_dvn @aliaa08 @karanjohar .. breaking traditions,"Reply
7","Retweet
75","Like
156",10 Mar 2017,https://twitter.com/girishjohar/status/840323207680925696,Verified account,https://twitter.com/girishjohar
"simplypurple
⚡",https://twitter.com/4simplypurple,4simplypurple,https://twitter.com/4simplypurple,The role may have been small but @GAUAHAR_KHAN doesn't fail to impress. She suited the role of the officer perfectly! #BadrinathKiDulhania,"Reply
5","Retweet
54","Like
234",10 Mar 2017,https://twitter.com/4simplypurple/status/840301853741076480,,
"simplypurple
⚡",https://twitter.com/4simplypurple,4simplypurple,https://twitter.com/4simplypurple,That beautiful moment when @GAUAHAR_KHAN's name appears on the big screen! #BadrinathKiDulhania,"Reply
5","Retweet
50","Like
366",10 Mar 2017,https://twitter.com/4simplypurple/status/840300309436063745,,
BadrinathKiDulhania,https://twitter.com/BKDMovie,BKDMovie,https://twitter.com/BKDMovie,"Check it out! Badri getting ready for the big night & after the #BadrinathKiDulhania craze today, this will be ! @Varun_dvn","Reply
13","Retweet
116","Like
335",10 Mar 2017,https://twitter.com/BKDMovie/status/840263251086602240,,
Vivek Nayer,https://twitter.com/Vivek_Nayer,Vivek_Nayer,https://twitter.com/Vivek_Nayer,Among the comic capers of #BadrinathKiDulhania lies a hidden gem about self esteem & determination. Go watch..& then say Happy Women's Day !,Reply,"Retweet
53","Like
123",10 Mar 2017,https://twitter.com/Vivek_Nayer/status/840258116784541697,,
Arshad E Khan,https://twitter.com/Arshadtweet,Arshadtweet,https://twitter.com/Arshadtweet,With #BadrinathKiDulhania @Varun_dvn has arrived on his own. @aliaa08 super acting. You guys rock. Should do great at #BoxOffice,"Reply
1","Retweet
42","Like
88",10 Mar 2017,https://twitter.com/Arshadtweet/status/840257020305506304,,
Indian Boxoffice,https://twitter.com/TradeBOC,TradeBOC,https://twitter.com/TradeBOC,Varun Dhawan's #BadrinathKiDulhania is the second best opening this year in some of the places behind #Raees .,"Reply
1","Retweet
43","Like
82",10 Mar 2017,https://twitter.com/TradeBOC/status/840252695155941376,,
MoInMak,https://twitter.com/MoinMAK1,MoinMAK1,https://twitter.com/MoinMAK1,"Such a pleasent surprise to see @GAUAHAR_KHAN in #BadrinathKiDulhania ,she looked so dashing nd strong as Police officer, LOVE","Reply
1","Retweet
22","Like
111",10 Mar 2017,https://twitter.com/MoinMAK1/status/840248737662410752,,
Joginder Tuteja,https://twitter.com/Tutejajoginder,Tutejajoginder,https://twitter.com/Tutejajoginder,"#BadrinathKiDulhania is a #Superhit in the making. So congratulations in advance, @karanjohar @shashankkhaitan @Varun_dvn @aliaa08 :)","Reply
7","Retweet
56","Like
114",10 Mar 2017,https://twitter.com/Tutejajoginder/status/840248404584288256,Verified account,https://twitter.com/Tutejajoginder
I am NOT a boy,https://twitter.com/ishab26,ishab26,https://twitter.com/ishab26,#BadrinathKiDulhania going crazy in London.Almost all the shows are housefull.It's very difficult to get tickets. @Varun_dvn,"Reply
1","Retweet
19","Like
22",10 Mar 2017,https://twitter.com/ishab26/status/840246209071611904,,
"simplypurple
⚡",https://twitter.com/4simplypurple,4simplypurple,https://twitter.com/4simplypurple,Finally going to watch the late show of #BadrinathKiDulhania just to catch @GAUAHAR_KHAN as the cute police officer.,"Reply
6","Retweet
29","Like
172",10 Mar 2017,https://twitter.com/4simplypurple/status/840245876425674752,,
Komal Nahta,https://twitter.com/KomalNahta,KomalNahta,https://twitter.com/KomalNahta,My rough estimates #BadrinathKiDulhania Day 1 12-13 around crore; day 2 16-17 cr.; day 3 20 cr. Weekend 48-50 cr. 1st week around 80 crore!,"Reply
36","Retweet
116","Like
386",10 Mar 2017,https://twitter.com/KomalNahta/status/840237395991748612,,
Bollywood Hungama,https://twitter.com/Bollyhungama,Bollyhungama,https://twitter.com/Bollyhungama,".@Varun_dvn & @aliaa08 's #BadrinathKiDulhania Day1Fri #NewZealand #boxoffice 21,931 USD Rs.14.60lacs frm 15 scrns","Reply
2","Retweet
48","Like
152",10 Mar 2017,https://twitter.com/Bollyhungama/status/840232941301166080,Verified account,https://twitter.com/Bollyhungama
Bollywood Hungama,https://twitter.com/Bollyhungama,Bollyhungama,https://twitter.com/Bollyhungama,".@Varun_dvn & @aliaa08 's #BadrinathKiDulhania Day 1 in overseas, beats #Kaabil and comes close to #JollyLLB2
http://www.bollywoodhungama.com/news/box-office-special-features/box-office-badrinath-ki-dulhania-day-1-overseas-beats-kaabil-comes-close-jolly-llb-2/ …","Reply
10","Retweet
91","Like
252",10 Mar 2017,https://twitter.com/Bollyhungama/status/840232287203659777,Verified account,https://twitter.com/Bollyhungama
India Forums,https://twitter.com/indiaforums,indiaforums,https://twitter.com/indiaforums,"Cutest Reaction
@Varun_dvn @aliaa08
#BadrinathKiDulhania","Reply
1","Retweet
35","Like
108",10 Mar 2017,https://twitter.com/indiaforums/status/840226997381017600,Verified account,https://twitter.com/indiaforums
vajir k singh,https://twitter.com/vajir,vajir,https://twitter.com/vajir,#BadrinathKiDulhania is a fun-loving film with brilliant performances from @Varun_dvn & @aliaa08 A sure-shot winner,"Reply
4","Retweet
49","Like
76",10 Mar 2017,https://twitter.com/vajir/status/840222145548562432,Verified account,https://twitter.com/vajir
Colors Cineplex,https://twitter.com/rishteycineplex,rishteycineplex,https://twitter.com/rishteycineplex,Here's our review of #BadrinathKiDulhania. Read on to know if @aliaa08 & @Varun_dvn save the grace in this one.,"Reply
1","Retweet
46","Like
134",10 Mar 2017,https://twitter.com/rishteycineplex/status/840221267781283840,Verified account,https://twitter.com/rishteycineplex
Tony Kakkar,https://twitter.com/TonyKakkar,TonyKakkar,https://twitter.com/TonyKakkar,Hearing so much good about #BADRINATHKIDULHANIA .. can't wait to watch it Both my favourite actors are there @aliaa08 @Varun_dvn,"Reply
8","Retweet
40","Like
141",10 Mar 2017,https://twitter.com/TonyKakkar/status/840214875553058819,Verified account,https://twitter.com/TonyKakkar
Aadhaar Gaur,https://twitter.com/aadhaarg,aadhaarg,https://twitter.com/aadhaarg,"Splendid Cameo by @GAUAHAR_KHAN in #BadrinathKiDulhania
Totally Loved it.
@Varun_dvn @aliaa08 Great Work!",Reply,"Retweet
23","Like
116",10 Mar 2017,https://twitter.com/aadhaarg/status/840213127753015296,,
Dharma Productions,https://twitter.com/DharmaMovies,DharmaMovies,https://twitter.com/DharmaMovies,"Grab your friends & family this weekend, because you can't miss out on this entertainer! #BadrinathKiDulhania @Varun_dvn @aliaa08","Reply
6","Retweet
123","Like
470",10 Mar 2017,https://twitter.com/DharmaMovies/status/840207641754255362,Verified account,https://twitter.com/DharmaMovies
Komal Nahta,https://twitter.com/KomalNahta,KomalNahta,https://twitter.com/KomalNahta,Badri & his dulhania win hearts.KJo & ShashankKhaitan's #BadrinathKiDulhania is a sureshot winner. Read my review at,"Reply
17","Retweet
157","Like
598",10 Mar 2017,https://twitter.com/KomalNahta/status/840196412059074561,,
"HAPPINESS
✨",https://twitter.com/gauahargeous20,gauahargeous20,https://twitter.com/gauahargeous20,Happiness is wen frenz plan2wtch #Lion bt u convince thm for #BadrinathKiDulhania cz u wnna wtch @GAUAHAR_KHAN #majorFOMO1stdayshow #guilty,"Reply
9","Retweet
34","Like
140",10 Mar 2017,https://twitter.com/gauahargeous20/status/840184988997890049,,
shubhra gupta,https://twitter.com/shubhragupta,shubhragupta,https://twitter.com/shubhragupta,"My review of #BadrinathKiDulhania. There's freshness here, and sass.","Reply
4","Retweet
54","Like
389",10 Mar 2017,https://twitter.com/shubhragupta/status/840174150366945280,Verified account,https://twitter.com/shubhragupta
Sumit M kadel,https://twitter.com/SumitkadeI,SumitkadeI,https://twitter.com/SumitkadeI,Saw #BadrinathKiDulhania at best SS of india Raj mandir jaipur.Exhilarating experience. Amazing audience response @Varun_dvn @aliaa08,"Reply
1","Retweet
29","Like
91",10 Mar 2017,https://twitter.com/SumitkadeI/status/840163925991792640,Verified account,https://twitter.com/SumitkadeI
King Mika Singh,https://twitter.com/MikaSingh,MikaSingh,https://twitter.com/MikaSingh,All the best @Varun_dvn @aliaa08 and @karanjohar for #BadrinathKiDulhania . Guys go watch and enjoy the movie:),"Reply
7","Retweet
27","Like
190",10 Mar 2017,https://twitter.com/MikaSingh/status/840153552827826176,Verified account,https://twitter.com/MikaSingh
Rummana Ahmed,https://twitter.com/reachrummana,reachrummana,https://twitter.com/reachrummana,This one is a total paisa vasool #BadrinathKiDulhania Review on Yahoo,"Reply
14","Retweet
93","Like
613",10 Mar 2017,https://twitter.com/reachrummana/status/840151976994263040,Verified account,https://twitter.com/reachrummana
IBTimes India,https://twitter.com/ibtimes_india,ibtimes_india,https://twitter.com/ibtimes_india,"#BadrinathKiDulhania movie review:It will make you LOL,cry, and fall in love with the love story @Varun_dvn @aliaa08","Reply
1","Retweet
71","Like
464",10 Mar 2017,https://twitter.com/ibtimes_india/status/840146904021254144,Verified account,https://twitter.com/ibtimes_india
Faridoon Shahryar,https://twitter.com/iFaridoon,iFaridoon,https://twitter.com/iFaridoon,Guys meet Somdev from #BadrinathKiDulhania @Sahilwalavaid.. he is gonna be a star now... He is gonna give u a lot of Happiness!!,"Reply
4","Retweet
41","Like
76",10 Mar 2017,https://twitter.com/iFaridoon/status/840136805022220294,Verified account,https://twitter.com/iFaridoon
Dharma Productions,https://twitter.com/DharmaMovies,DharmaMovies,https://twitter.com/DharmaMovies,You can call Badri & Vaidehi's love story a starry affair! #BadrinathKiDulhania @karanjohar @Varun_dvn @aliaa08 @ShashankKhaitan,"Reply
22","Retweet
173","Like
992",10 Mar 2017,https://twitter.com/DharmaMovies/status/840136533650751488,Verified account,https://twitter.com/DharmaMovies
Faridoon Shahryar,https://twitter.com/iFaridoon,iFaridoon,https://twitter.com/iFaridoon,Alia is goin 2 b 24 on March 15 but she is becoming this giant http://actress.One killer performance after another #BadrinathKiDulhania,Reply,"Retweet
38","Like
88",10 Mar 2017,https://twitter.com/iFaridoon/status/840136040673230849,Verified account,https://twitter.com/iFaridoon
Akshaye Rathi,https://twitter.com/akshayerathi,akshayerathi,https://twitter.com/akshayerathi,#BadrinathKiDulhania is one of the most relevant films of our times. The film drives a beautiful message while entertaining you all through!,"Reply
2","Retweet
98","Like
223",10 Mar 2017,https://twitter.com/akshayerathi/status/840134457222811648,Verified account,https://twitter.com/akshayerathi
Faridoon Shahryar,https://twitter.com/iFaridoon,iFaridoon,https://twitter.com/iFaridoon,"Zyada socho mat,just go n watch #BadrinathKiDulhania.. full on family entertainer with super performances,cool music n super writing.Enjoy!","Reply
7","Retweet
87","Like
211",10 Mar 2017,https://twitter.com/iFaridoon/status/840134435160842241,Verified account,https://twitter.com/iFaridoon
dna After Hrs,https://twitter.com/dnaAfterHrs,dnaAfterHrs,https://twitter.com/dnaAfterHrs,#BadrinathKiDulhania Review: Varun and Alia's crackling chemistry works wonders for this desi love story! http://dnai.in/e4bb,"Reply
7","Retweet
74","Like
512",10 Mar 2017,https://twitter.com/dnaAfterHrs/status/840131576147013633,Verified account,https://twitter.com/dnaAfterHrs
pinkvilla,https://twitter.com/pinkvilla,pinkvilla,https://twitter.com/pinkvilla,#BadrinathKiDulhania Movie Review: Missing a @Varun_dvn show is blasphemy- http://www.pinkvilla.com/entertainment/reviews/374115/badrinath-ki-dulhania-movie-review-missing-varun-dhawan-show-blasphemy …,"Reply
3","Retweet
42","Like
153",10 Mar 2017,https://twitter.com/pinkvilla/status/840129849758908416,Verified account,https://twitter.com/pinkvilla
Catch News,https://twitter.com/CatchNews,CatchNews,https://twitter.com/CatchNews,"#BadrinathKiDulhania movie review: Endearing, delightful and has heart in the right place","Reply
3","Retweet
78","Like
631",10 Mar 2017,https://twitter.com/CatchNews/status/840125365871759362,Verified account,https://twitter.com/CatchNews
Bollywood Hungama,https://twitter.com/Bollyhungama,Bollyhungama,https://twitter.com/Bollyhungama,"#MovieReview #BADRINATHKIDULHANIA is a beautifully textured love story that wins you over and keeps you hooked.
http://www.bollywoodhungama.com/movie/badrinath-ki-dulhania/critic-review/ …","Reply
7","Retweet
143","Like
850",10 Mar 2017,https://twitter.com/Bollyhungama/status/840123916836253696,Verified account,https://twitter.com/Bollyhungama
Indicine.com,https://twitter.com/indicine,indicine,https://twitter.com/indicine,#BadrinathKiDulhania Movie Review,"Reply
32","Retweet
221","Like
953",10 Mar 2017,https://twitter.com/indicine/status/840122467314089984,,
RadioMirchi,https://twitter.com/RadioMirchi,RadioMirchi,https://twitter.com/RadioMirchi,Say what? @Varun_dvn just got ‘married’ to @aliaa08 in full public view! Check out the madness with @RjSukriti here! #BadrinathKiDulhania,"Reply
1","Retweet
29","Like
64",10 Mar 2017,https://twitter.com/RadioMirchi/status/840119299117277186,Verified account,https://twitter.com/RadioMirchi
Karan Wahi,https://twitter.com/karan009wahi,karan009wahi,https://twitter.com/karan009wahi,"Its friday and its Time for #BadrinathKiDulhania
Watch it guys ....
@Varun_dvn @aliaa08 all the very best","Reply
14","Retweet
112","Like
484",10 Mar 2017,https://twitter.com/karan009wahi/status/840118048728088576,Verified account,https://twitter.com/karan009wahi
Ravi Kumar,https://twitter.com/RaviKWorld,RaviKWorld,https://twitter.com/RaviKWorld,Video: Female fans gathered in a huge number for the first day first show of #BadrinathKiDulhania @BKDMovie . @Varun_dvn @aliaa08,Reply,"Retweet
54","Like
96",10 Mar 2017,https://twitter.com/RaviKWorld/status/840116201170714624,,
BadrinathKiDulhania,https://twitter.com/BKDMovie,BKDMovie,https://twitter.com/BKDMovie,She's the beauty with brains! Meet Vaidehi Trivedi aka @aliaa08 in cinemas today! Book tix here http://m.p-y.tm/tbkdm #BadrinathKiDulhania,"Reply
9","Retweet
107","Like
370",10 Mar 2017,https://twitter.com/BKDMovie/status/840113968173608960,,
Komal Nahta,https://twitter.com/KomalNahta,KomalNahta,https://twitter.com/KomalNahta,#BadrinathKiDulhania opening good; collections picking up in multiplexes & single-screen cinemas. Bound to record a lovely total today!,"Reply
5","Retweet
87","Like
252",9 Mar 2017,https://twitter.com/KomalNahta/status/840107497654439936,,
Bollywood Hungama,https://twitter.com/Bollyhungama,Bollyhungama,https://twitter.com/Bollyhungama,"""@Varun_dvn is younger & also like a child"": @aliaa08 #BadrinathKiDulhania #TalkingFilms","Reply
4","Retweet
33","Like
126",9 Mar 2017,https://twitter.com/Bollyhungama/status/840107060486324224,Verified account,https://twitter.com/Bollyhungama
Kush Savani,https://twitter.com/Kush_Savani,Kush_Savani,https://twitter.com/Kush_Savani,"India needs more films like this,entertaining yet convey a strong message! #BadrinathKiDulhania @Varun_dvn @aliaa08 absolutely nailed it",Reply,"Retweet
59","Like
92",9 Mar 2017,https://twitter.com/Kush_Savani/status/840104994086895618,,
Bollywood Bubble,https://twitter.com/bollybubble,bollybubble,https://twitter.com/bollybubble,"#BadrinathKiDulhania movie review: Strong story and great performances make this a winner
http://bit.ly/2nllU0T
@DharmaMovies @BKDMovie","Reply
1","Retweet
66","Like
186",9 Mar 2017,https://twitter.com/bollybubble/status/840101102401929218,Verified account,https://twitter.com/bollybubble
Kartik Aaryan,https://twitter.com/TheAaryanKartik,TheAaryanKartik,https://twitter.com/TheAaryanKartik,"Loved #BadrinathKiDulhania @ShashankKhaitan @karanjohar
@aliaa08 is SUPERB as always n
@Varun_dvn bro u r a STAR
Mindblowing performance","Reply
11","Retweet
120","Like
453",9 Mar 2017,https://twitter.com/TheAaryanKartik/status/840095791897165825,Verified account,https://twitter.com/TheAaryanKartik
Dharma Productions,https://twitter.com/DharmaMovies,DharmaMovies,https://twitter.com/DharmaMovies,#India is falling in love with #BadrinathKiDulhania already! Trending at #1! @Varun_dvn @aliaa08 @karanjohar @ShashankKhaitan,"Reply
4","Retweet
64","Like
170",9 Mar 2017,https://twitter.com/DharmaMovies/status/840094817908539392,Verified account,https://twitter.com/DharmaMovies
Faridoon Shahryar,https://twitter.com/iFaridoon,iFaridoon,https://twitter.com/iFaridoon,#BadrinathKiDulhania is a solid entertainer with a Heartfelt fresh take on feminism.. My views,"Reply
5","Retweet
104","Like
234",9 Mar 2017,https://twitter.com/iFaridoon/status/840087870975107072,Verified account,https://twitter.com/iFaridoon
Raghuvendra Singh,https://twitter.com/raghuvendras,raghuvendras,https://twitter.com/raghuvendras,#BadrinathKiDulhania is an entertainer with a powerfull message. In love wid Vaidehi @aliaa08 & her dulha @Varun_dvn u both are amazing ya,"Reply
3","Retweet
87","Like
179",9 Mar 2017,https://twitter.com/raghuvendras/status/840085059063312385,Verified account,https://twitter.com/raghuvendras
Ramya,https://twitter.com/rgrocks50,rgrocks50,https://twitter.com/rgrocks50,Varun & Alia new superhit couple #BadrinathKiDulhania,"Reply
6","Retweet
78","Like
67",9 Mar 2017,https://twitter.com/rgrocks50/status/840084472305397764,,
Indicine.com,https://twitter.com/indicine,indicine,https://twitter.com/indicine,"Never before has a Varun Dhawan film opened poorly at the box office, #BadrinathKiDulhania is no exception. Opening above expectations.","Reply
8","Retweet
116","Like
173",9 Mar 2017,https://twitter.com/indicine/status/840084368248856576,,
Indicine.com,https://twitter.com/indicine,indicine,https://twitter.com/indicine,"Patna (Bihar) has opened to extraordinary response, shows going houseful. #BadrinathKiDulhania","Reply
22","Retweet
202","Like
1.1K",9 Mar 2017,https://twitter.com/indicine/status/840083665908457474,,
Indicine.com,https://twitter.com/indicine,indicine,https://twitter.com/indicine,"#BadrinathKiDulhania has opened very well at the box office on Friday. At several centres, best since Shah Rukh Khan's Raees.","Reply
15","Retweet
132","Like
199",9 Mar 2017,https://twitter.com/indicine/status/840083278283513857,,
Tushar Joshi,https://twitter.com/TusharrJoshi,TusharrJoshi,https://twitter.com/TusharrJoshi,#BadrinathKiDulhania proves that @Varun_dvn @aliaa08 is not only the most commercially viable Jodi but also d most believable.,"Reply
3","Retweet
60","Like
104",9 Mar 2017,https://twitter.com/TusharrJoshi/status/840083189485850625,Verified account,https://twitter.com/TusharrJoshi
Financial Express,https://twitter.com/FinancialXpress,FinancialXpress,https://twitter.com/FinancialXpress,"#BadrinathKiDulhania movie review: @aliaa08 and @Varun_dvn's romcom sends strong, empowering message
http://www.financialexpress.com/entertainment/badrinath-ki-dulhania-movie-review-alia-bhatt-and-varun-dhawans-romcom-sends-strong-empowering-message/581635/ …","Reply
89","Retweet
421","Like
2.7K",9 Mar 2017,https://twitter.com/FinancialXpress/status/840076117859954688,Verified account,https://twitter.com/FinancialXpress
Firstpost,https://twitter.com/firstpost,firstpost,https://twitter.com/firstpost,#BadrinathKiDulhania quick review: @aliaa08 is a delight to watch but @Varun_dvn steals your attention http://bit.ly/2m8GpxC,"Reply
64","Retweet
457","Like
2.7K",9 Mar 2017,https://twitter.com/firstpost/status/840075738069921792,Verified account,https://twitter.com/firstpost
RJ ALOK,https://twitter.com/OYERJALOK,OYERJALOK,https://twitter.com/OYERJALOK,Performance Locations Issue Cinematography Direction Dialogues = #BadrinathKiDulhania Congo @Varun_dvn @aliaa08 n team!! #RjAlok,Reply,"Retweet
66","Like
89",9 Mar 2017,https://twitter.com/OYERJALOK/status/840074475395670018,Verified account,https://twitter.com/OYERJALOK
RAJ BANSAL,https://twitter.com/rajbansal9,rajbansal9,https://twitter.com/rajbansal9,@karanjohar @Varun_dvn @aliaa08 @BKDMovie #BadrinathKiDulhania opens to full houses in the morning show.,"Reply
3","Retweet
58","Like
104",9 Mar 2017,https://twitter.com/rajbansal9/status/840068605974740996,Verified account,https://twitter.com/rajbansal9
Avinash Gowariker,https://twitter.com/avigowariker,avigowariker,https://twitter.com/avigowariker,"#BadrinathKiDulhania is a SUPERB film @aliaa08 @Varun_dvn are just FANTASTICEntertainmentWithaMessage. @ShashankKhaitan
@karanjohar","Reply
18","Retweet
145","Like
452",9 Mar 2017,https://twitter.com/avigowariker/status/840066378170220544,Verified account,https://twitter.com/avigowariker
Faridoon Shahryar,https://twitter.com/iFaridoon,iFaridoon,https://twitter.com/iFaridoon,"Interval of #BadrinathKiDulhania... Its a roller coaster of fun, entertainment, beautifulness of UP, buffet of emotions n great casting!!!","Reply
1","Retweet
66","Like
220",9 Mar 2017,https://twitter.com/iFaridoon/status/840065854888861699,Verified account,https://twitter.com/iFaridoon
Hrithik Roshan,https://twitter.com/iHrithik,iHrithik,https://twitter.com/iHrithik,Dear @karanjohar @Varun_dvn @aliaa08 gooood luck for #BadrinathKiDulhania it's a super hit already:) sit back n enjoy now.,"Reply
193","Retweet
780","Like
6.5K",9 Mar 2017,https://twitter.com/iHrithik/status/840064426623426563,Verified account,https://twitter.com/iHrithik
siddharth malhotra,https://twitter.com/sidpmalhotra,sidpmalhotra,https://twitter.com/sidpmalhotra,"#BadrinathKiDulhania @Varun_dvn best performance till date he & @aliaa08 chemistry is impeccable, super writing & direction @ShashankKhaitan","Reply
11","Retweet
99","Like
218",9 Mar 2017,https://twitter.com/sidpmalhotra/status/840064413684056065,Verified account,https://twitter.com/sidpmalhotra
The Indian Express,https://twitter.com/IndianExpress,IndianExpress,https://twitter.com/IndianExpress,"#BadrinathKiDulhania quick movie review: @aliaa08, @Varun_dvn deliver a winner
http://indianexpress.com/article/entertainment/bollywood/badrinath-ki-dulhania-quick-movie-review-varun-dhawan-alia-bhatt-4562288/ …","Reply
26","Retweet
110","Like
852",9 Mar 2017,https://twitter.com/IndianExpress/status/840057766798483456,Verified account,https://twitter.com/IndianExpress
Dharma Productions,https://twitter.com/DharmaMovies,DharmaMovies,https://twitter.com/DharmaMovies,Made with love and only love! #BadrinathKiDulhania in cinemas now! Book tix here: http://bit.ly/BKDTix2 @karanjohar @Varun_dvn @aliaa08,"Reply
40","Retweet
320","Like
1.9K",9 Mar 2017,https://twitter.com/DharmaMovies/status/840056653751939072,Verified account,https://twitter.com/DharmaMovies
Karan Johar,https://twitter.com/karanjohar,karanjohar,https://twitter.com/karanjohar,OUT TODAY!! #BadrinathKiDulhania @Varun_dvn @aliaa08 @ShashankKhaitan @DharmaMovies @foxstarhindi,"Reply
85","Retweet
439","Like
3.2K",9 Mar 2017,https://twitter.com/karanjohar/status/840055692019023873,Verified account,https://twitter.com/karanjohar
Rohit Jaiswal,https://twitter.com/rohitjswl01,rohitjswl01,https://twitter.com/rohitjswl01,"Film like #BadrinathKiDulhania doesnt need any Reviews,Its a pure A class Commercial film which rides on Brilliant songs and Entertainment","Reply
1","Retweet
56","Like
101",9 Mar 2017,https://twitter.com/rohitjswl01/status/840043490788691969,Verified account,https://twitter.com/rohitjswl01
Mandana karimi,https://twitter.com/manizhe,manizhe,https://twitter.com/manizhe,Super chemistry between @Varun_dvn and @aliaa08 Wish there were more Badris in our world. #BadrinathKiDulhania,"Reply
14","Retweet
127","Like
445",9 Mar 2017,https://twitter.com/manizhe/status/839937371504263168,Verified account,https://twitter.com/manizhe
Vasanth Mallya,https://twitter.com/vcmallya,vcmallya,https://twitter.com/vcmallya,Just watched #BadrinathKiDulhania here in Muscat @Varun_dvn makes you to laugh in one scene & cry in another. @aliaa08 also superb. Enjoyed,"Reply
9","Retweet
170","Like
644",9 Mar 2017,https://twitter.com/vcmallya/status/839924476334780416,,
Milap,https://twitter.com/zmilap,zmilap,https://twitter.com/zmilap,Take a bow @ShashankKhaitan Its an art to blend emotion and humor and you my friend have mastered it! #BadrinathKiDulhania is your victory!,"Reply
7","Retweet
185","Like
582",9 Mar 2017,https://twitter.com/zmilap/status/839922092862767106,Verified account,https://twitter.com/zmilap
Milap,https://twitter.com/zmilap,zmilap,https://twitter.com/zmilap,"#BadrinathKiDulhania has the most endearing,heart wrenching n entertaining performance of @Varun_dvn till date! He truly is David sir's son!","Reply
6","Retweet
100","Like
116",9 Mar 2017,https://twitter.com/zmilap/status/839921157398745088,Verified account,https://twitter.com/zmilap
kunal kohli,https://twitter.com/kunalkohli,kunalkohli,https://twitter.com/kunalkohli,@karanjohar @aliaa08 @Varun_dvn #BadrinathKiDulhania is a blockbuster.Varun has excelled.What an actor he’s become. So impressed. So proud,"Reply
8","Retweet
107","Like
193",9 Mar 2017,https://twitter.com/kunalkohli/status/839917760469696512,Verified account,https://twitter.com/kunalkohli
Salilacharya,https://twitter.com/Salilacharya,Salilacharya,https://twitter.com/Salilacharya,Some #jodis i just love they bring out he best in each other @Varun_dvn @aliaa08 great stuff #BadrinathKiDulhania,"Reply
9","Retweet
124","Like
396",9 Mar 2017,https://twitter.com/Salilacharya/status/839909436999233536,Verified account,https://twitter.com/Salilacharya
Varun Dhawan,https://twitter.com/Varun_dvn,Varun_dvn,https://twitter.com/Varun_dvn,#BadrinathKiDulhania has been a very special film in my life. Tomorrow Badri is yours. Like all actors I have also worked extremely hard.,"Reply
283","Retweet
754","Like
4.0K",9 Mar 2017,https://twitter.com/Varun_dvn/status/839900559779954693,Verified account,https://twitter.com/Varun_dvn
kunal kohli,https://twitter.com/kunalkohli,kunalkohli,https://twitter.com/kunalkohli,Watching #BadrinathKiDulhania interval. One word. Blockbuster. @karanjohar @Varun_dvn @aliaa08,"Reply
10","Retweet
83","Like
250",9 Mar 2017,https://twitter.com/kunalkohli/status/839888152886140929,Verified account,https://twitter.com/kunalkohli
Sophie #AjjNaiyoSawna,https://twitter.com/Sophie_Choudry,Sophie_Choudry,https://twitter.com/Sophie_Choudry,Bummed to be missing the #BadrinathKiDulhania screening tonight but big love & lots of luck to my faves @Varun_dvn @aliaa08 It's a smaaaash,"Reply
8","Retweet
60","Like
243",9 Mar 2017,https://twitter.com/Sophie_Choudry/status/839856098400075776,Verified account,https://twitter.com/Sophie_Choudry
MissKyra,https://twitter.com/MissKyra12,MissKyra12,https://twitter.com/MissKyra12,.@aliaa08 & @Varun_dvn 's #BadrinathKiDulhania performance at #OPPOTimesFreshFace,"Reply
3","Retweet
86","Like
227",9 Mar 2017,https://twitter.com/MissKyra12/status/839842868583858177,Verified account,https://twitter.com/MissKyra12
Dharma Productions,https://twitter.com/DharmaMovies,DharmaMovies,https://twitter.com/DharmaMovies,The first reviews are here & #BadrinathKiDulhania is off to a spectacular start! @karanjohar @Varun_dvn @aliaa08 @ShashankKhaitan,"Reply
16","Retweet
111","Like
517",9 Mar 2017,https://twitter.com/DharmaMovies/status/839839775213432832,Verified account,https://twitter.com/DharmaMovies
Alia Bhatt,https://twitter.com/aliaa08,aliaa08,https://twitter.com/aliaa08,Sun mere humsafar https://m.youtube.com/watch?v=tnCSK_Jv7WM … hope you guys like it #BadrinathKiDulhania #Humsafar @Varun_dvn @karanjohar @ShashankKhaitan,"Reply
289","Retweet
654","Like
3.7K",9 Mar 2017,https://twitter.com/aliaa08/status/839797486487277569,Verified account,https://twitter.com/aliaa08
Dharma Productions,https://twitter.com/DharmaMovies,DharmaMovies,https://twitter.com/DharmaMovies,The much awaited @aliaa08's rendition of #Humsafar is here & it's the epitome of beauty! #BadrinathKiDulhania https://www.youtube.com/watch?v=tnCSK_Jv7WM …,"Reply
13","Retweet
76","Like
286",9 Mar 2017,https://twitter.com/DharmaMovies/status/839788314089537537,Verified account,https://twitter.com/DharmaMovies
Karan Johar,https://twitter.com/karanjohar,karanjohar,https://twitter.com/karanjohar,The version so many had requested for!! The @aliaa08 rendition of #humsafar is here!!!! https://m.youtube.com/watch?v=tnCSK_Jv7WM … #BadrinathKiDulhania,"Reply
155","Retweet
557","Like
3.8K",9 Mar 2017,https://twitter.com/karanjohar/status/839786005884448769,Verified account,https://twitter.com/karanjohar
Dharma Productions,https://twitter.com/DharmaMovies,DharmaMovies,https://twitter.com/DharmaMovies,The first review of #BadrinathKiDulhania is out & it's...,"Reply
3","Retweet
62","Like
289",9 Mar 2017,https://twitter.com/DharmaMovies/status/839753810809667585,Verified account,https://twitter.com/DharmaMovies
Dharma Productions,https://twitter.com/DharmaMovies,DharmaMovies,https://twitter.com/DharmaMovies,Your wait ends tomorrow! बद्री & Vaidehi are on their way to cinemas near you! #BadrinathKiDulhania @karanjohar @Varun_dvn @aliaa08,"Reply
23","Retweet
145","Like
690",8 Mar 2017,https://twitter.com/DharmaMovies/status/839727541464236032,Verified account,https://twitter.com/DharmaMovies
Wave Cinemas,https://twitter.com/Wave_Cinemas,Wave_Cinemas,https://twitter.com/Wave_Cinemas,"#Contest
Answer this simple question and get a chance to win movie vouchers or merchandise. #BadrinathKiDulhania","Reply
196","Retweet
93","Like
93",8 Mar 2017,https://twitter.com/Wave_Cinemas/status/839724937921216514,Verified account,https://twitter.com/Wave_Cinemas
Mukesh Chhabra CSA,https://twitter.com/CastingChhabra,CastingChhabra,https://twitter.com/CastingChhabra,Loved loved loved #BadrinathKiDulhania yeh dono ki Jodi and acting kamaaal hai @Varun_dvn @aliaa08 well done @ShashankKhaitan outstanding:),"Reply
3","Retweet
89","Like
227",8 Mar 2017,https://twitter.com/CastingChhabra/status/839699145304731648,Verified account,https://twitter.com/CastingChhabra
Zoom TV,https://twitter.com/ZoomTV,ZoomTV,https://twitter.com/ZoomTV,"Here's a still from @aliaa08 and @Varun_dvn starrer, #BadrinathKiDulhania
if you're looking forward to the movie","Reply
2","Retweet
80","Like
319",8 Mar 2017,https://twitter.com/ZoomTV/status/839528647283245056,Verified account,https://twitter.com/ZoomTV
SilkAir India,https://twitter.com/SilkAirIndia,SilkAirIndia,https://twitter.com/SilkAirIndia,Women's Day wishes from #SilkAir and the entire crew from #BadrinathKiDulhania. #AJoyToFly #WomensDay #BKD,"Reply
8","Retweet
131","Like
643",7 Mar 2017,https://twitter.com/SilkAirIndia/status/839335790740021248,,
Milap,https://twitter.com/zmilap,zmilap,https://twitter.com/zmilap,This Friday is gonna see a blockbuster release with #BadrinathKiDulhania All reports say @Varun_dvn n @aliaa08 have ROCKED it! @karanjohar,"Reply
7","Retweet
56","Like
69",7 Mar 2017,https://twitter.com/zmilap/status/839333137725460480,Verified account,https://twitter.com/zmilap
BadrinathKiDulhania,https://twitter.com/BKDMovie,BKDMovie,https://twitter.com/BKDMovie,Spreading unlimited love in the city of joy! #BKDinKolkata @Varun_dvn @aliaa08 #BadrinathKiDulhania,"Reply
10","Retweet
111","Like
423",7 Mar 2017,https://twitter.com/BKDMovie/status/839122646449147904,,
Dharma Productions,https://twitter.com/DharmaMovies,DharmaMovies,https://twitter.com/DharmaMovies,"Send in your entries for step 3 now, using #BKDJoyToFly! Contest closes soon, hurry! #BadrinathKiDulhania @Varun_dvn @aliaa08","Reply
12","Retweet
87","Like
513",7 Mar 2017,https://twitter.com/DharmaMovies/status/839113594394578945,Verified account,https://twitter.com/DharmaMovies
Zoom TV,https://twitter.com/ZoomTV,ZoomTV,https://twitter.com/ZoomTV,#PicturePerfect: @Varun_dvn with his parents at the special screening of #BadrinathKiDulhania,"Reply
3","Retweet
41","Like
245",7 Mar 2017,https://twitter.com/ZoomTV/status/839105868159303681,Verified account,https://twitter.com/ZoomTV
Indian Express Entertainment,https://twitter.com/ieEntertainment,ieEntertainment,https://twitter.com/ieEntertainment,"#BadrinathKiDulhania celeb movie review: @aliaa08 @Varun_dvn film gets a wonderful reaction
http://indianexpress.com/article/entertainment/bollywood/badrinath-ki-dulhania-celeb-movie-review-alia-bhatt-varun-dhawan-film-gets-a-wonderful-reaction-4558784/ …","Reply
1","Retweet
59","Like
144",7 Mar 2017,https://twitter.com/ieEntertainment/status/839098809107927040,Verified account,https://twitter.com/ieEntertainment
BadrinathKiDulhania,https://twitter.com/BKDMovie,BKDMovie,https://twitter.com/BKDMovie,"To keep up with Badri's not so sober habits, @Varun_dvn did quite the method acting! #BadrinathKiDulhania @aliaa08","Reply
2","Retweet
79","Like
302",7 Mar 2017,https://twitter.com/BKDMovie/status/839089256761077760,,
Paytm Entertainment,https://twitter.com/PaytmTickets,PaytmTickets,https://twitter.com/PaytmTickets,"Final question!
In #BadrinathKiDulhania, #VarunDhawan doesn't know the formula of:
A) Simple Interest
OR
B) Compound Interest","Reply
174","Retweet
96","Like
118",7 Mar 2017,https://twitter.com/PaytmTickets/status/839084892528984064,Verified account,https://twitter.com/PaytmTickets
Paytm Entertainment,https://twitter.com/PaytmTickets,PaytmTickets,https://twitter.com/PaytmTickets,"You guys are doing an amazing job! Lets make it even better with a few more RTs, invite your friends to play #BadrinathKiDulhania contest.","Reply
44","Retweet
80","Like
79",7 Mar 2017,https://twitter.com/PaytmTickets/status/839071523361038336,Verified account,https://twitter.com/PaytmTickets
Dharma Productions,https://twitter.com/DharmaMovies,DharmaMovies,https://twitter.com/DharmaMovies,The heart-throbs are coming back to the big screen! 3 days to #BadrinathKiDulhania! @karanjohar @Varun_dvn @aliaa08 @ShashankKhaitan,"Reply
14","Retweet
72","Like
343",7 Mar 2017,https://twitter.com/DharmaMovies/status/839045424006774785,Verified account,https://twitter.com/DharmaMovies
Girish Johar,https://twitter.com/girishjohar,girishjohar,https://twitter.com/girishjohar,"#BadrinathKiDulhania is on
is poised to take an excellent start at the BO @Varun_dvn @aliaa08","Reply
4","Retweet
54","Like
84",6 Mar 2017,https://twitter.com/girishjohar/status/838987865052876800,Verified account,https://twitter.com/girishjohar
Sonam Nair,https://twitter.com/chink_ster,chink_ster,https://twitter.com/chink_ster,"You don't even notice when #BadrinathKiDulhania touches your heart because you're laughing throughout! A really funny, really sweet film!","Reply
6","Retweet
67","Like
159",6 Mar 2017,https://twitter.com/chink_ster/status/838974852249837568,,
taran adarsh,https://twitter.com/taran_adarsh,taran_adarsh,https://twitter.com/taran_adarsh,"#BadrinathKiDulhania certified PG by British censors on 6 March 2017. Approved run time: 139 min 6 sec [2 hour, 19 minutes, 6 seconds].","Reply
15","Retweet
148","Like
820",6 Mar 2017,https://twitter.com/taran_adarsh/status/838955939692752898,Verified account,https://twitter.com/taran_adarsh
Zoom TV,https://twitter.com/ZoomTV,ZoomTV,https://twitter.com/ZoomTV,"#PicturePerfect: The #BadrinathKiDulhania stars, @aliaa08 and @Varun_dvn","Reply
4","Retweet
61","Like
316",6 Mar 2017,https://twitter.com/ZoomTV/status/838743471737339905,Verified account,https://twitter.com/ZoomTV
Zoom TV,https://twitter.com/ZoomTV,ZoomTV,https://twitter.com/ZoomTV,".@Varun_dvn and @aliaa08 starrer, #BadrinathKiDulhania will release this week!
Are you planning to watch the movie this weekend?","Reply
15","Retweet
51","Like
112",6 Mar 2017,https://twitter.com/ZoomTV/status/838690632608579584,Verified account,https://twitter.com/ZoomTV
TSeries,https://twitter.com/TSeries,TSeries,https://twitter.com/TSeries,Woohoo! #BadrinathKiDulhania songs ruling the #Bollywood chart on iTunes. Listen to all the amazing songs now- http://bit.ly/2lNyYL4,"Reply
3","Retweet
59","Like
205",6 Mar 2017,https://twitter.com/TSeries/status/838678009540403201,Verified account,https://twitter.com/TSeries
Zoom TV,https://twitter.com/ZoomTV,ZoomTV,https://twitter.com/ZoomTV,"Spotted!: The #BadrinathKiDulhania duo, @aliaa08 and @Varun_dvn were spotted at the Mumbai airport","Reply
3","Retweet
63","Like
315",6 Mar 2017,https://twitter.com/ZoomTV/status/838667978912587777,Verified account,https://twitter.com/ZoomTV
MahindraKUV100,https://twitter.com/MahindraKUV100,MahindraKUV100,https://twitter.com/MahindraKUV100,Badri will celebrate Holi with his Dulhania & #TheYoungSUV! Watch @Varun_dvn & @aliaa08 with the #KUV100 in #BadrinathKiDulhania.,"Reply
17","Retweet
261","Like
1.2K",5 Mar 2017,https://twitter.com/MahindraKUV100/status/838649734004781056,Verified account,https://twitter.com/MahindraKUV100
Zoom TV,https://twitter.com/ZoomTV,ZoomTV,https://twitter.com/ZoomTV,"if you love the #BadrinathKiDulhania pair, @Varun_dvn and @aliaa08 !","Reply
2","Retweet
65","Like
338",5 Mar 2017,https://twitter.com/ZoomTV/status/838649103030460416,Verified account,https://twitter.com/ZoomTV
pinkvilla,https://twitter.com/pinkvilla,pinkvilla,https://twitter.com/pinkvilla,Photos: Badri @Varun_dvn and Dulhania @aliaa08 can't take eyes off each other- http://www.pinkvilla.com/entertainment/photos/373821/photos-badri-varun-dhawan-and-dulhania-alia-bhatt-cant-take-eyes-each … #BadrinathKiDulhania,"Reply
4","Retweet
69","Like
185",5 Mar 2017,https://twitter.com/pinkvilla/status/838634943932616706,Verified account,https://twitter.com/pinkvilla
Telenor India,https://twitter.com/TelenorIndia,TelenorIndia,https://twitter.com/TelenorIndia,"Guess the answer & get a chance to win movie tickets of #BadrinathkiDulhania
T&C:https://goo.gl/L6LAe3 #TelenorIndia #contest #FullVasool","Reply
161","Retweet
79","Like
82",4 Mar 2017,https://twitter.com/TelenorIndia/status/838245192473972736,Verified account,https://twitter.com/TelenorIndia
Alia Bhatt,https://twitter.com/aliaa08,aliaa08,https://twitter.com/aliaa08,#BadrinathKiDulhania tours and travels in Lucknow 5 days to go,"Reply
217","Retweet
549","Like
5.6K",4 Mar 2017,https://twitter.com/aliaa08/status/838223781839663106,Verified account,https://twitter.com/aliaa08
Varun Dhawan,https://twitter.com/Varun_dvn,Varun_dvn,https://twitter.com/Varun_dvn,"Top angle view of the 20,000 plus crowd that gathered today amazing night #BadrinathKiDulhania","Reply
146","Retweet
496","Like
3.0K",4 Mar 2017,https://twitter.com/Varun_dvn/status/838095918415101952,Verified account,https://twitter.com/Varun_dvn
RJ ALOK,https://twitter.com/OYERJALOK,OYERJALOK,https://twitter.com/OYERJALOK,Wohhoooooooooo @Varun_dvn @aliaa08 with @KapilSharmaK9 @WhoSunilGrover @kikusharda @SonyTV @kingaliasgar #RjAlok #BadrinathKiDulhania,"Reply
4","Retweet
86","Like
261",4 Mar 2017,https://twitter.com/OYERJALOK/status/838076097170403330,Verified account,https://twitter.com/OYERJALOK
Amaal Mallik,https://twitter.com/AmaalMallik,AmaalMallik,https://twitter.com/AmaalMallik,"Woohoo.....
#BadrinathKiDulhania
#RokeNaRukeNaina @TSeries @kumaarofficial @raiisonai","Reply
15","Retweet
83","Like
345",4 Mar 2017,https://twitter.com/AmaalMallik/status/838063035466067968,Verified account,https://twitter.com/AmaalMallik
RJ ALOK,https://twitter.com/OYERJALOK,OYERJALOK,https://twitter.com/OYERJALOK,Here @Varun_dvn @aliaa08 for #BadrinathKiDulhania promotion in Delhi... Mall activity. @DharmaMovies #RjAlok tu premi... Main premiiiiii,"Reply
1","Retweet
53","Like
107",4 Mar 2017,https://twitter.com/OYERJALOK/status/838058529411973125,Verified account,https://twitter.com/OYERJALOK
BadrinathKiDulhania,https://twitter.com/BKDMovie,BKDMovie,https://twitter.com/BKDMovie,Now that's what you call a धमाकेदार entry! #BKDinDelhi @Varun_dvn @aliaa08 #BadrinathKiDulhania,"Reply
9","Retweet
107","Like
255",4 Mar 2017,https://twitter.com/BKDMovie/status/838050976086941696,,
Raj Nayak,https://twitter.com/rajcheerfull,rajcheerfull,https://twitter.com/rajcheerfull,12 th March 9 PM #BadrinathKiDulhania with @aliaa08 & @Varun_dvn coming soon on #RisingStarDuels @IndiaRisingStar LIVE only on @ColorsTV,"Reply
6","Retweet
93","Like
202",4 Mar 2017,https://twitter.com/rajcheerfull/status/838045993543290880,Verified account,https://twitter.com/rajcheerfull
StarPlus,https://twitter.com/StarPlus,StarPlus,https://twitter.com/StarPlus,Badrinath and Vaidehi’s wedding is about to begin! #DilHaiHindustani! #BadrinathKiDulhania @DharmaMovies,"Reply
8","Retweet
76","Like
431",4 Mar 2017,https://twitter.com/StarPlus/status/838032963895885824,Verified account,https://twitter.com/StarPlus
BadrinathKiDulhania,https://twitter.com/BKDMovie,BKDMovie,https://twitter.com/BKDMovie,Don't miss out on @aliaa08 singing #AeDilHaiMushkil in her mesmerizing voice at #dilhaihindustani #BadrinathKiDulhania,"Reply
16","Retweet
142","Like
446",4 Mar 2017,https://twitter.com/BKDMovie/status/838009661026529281,,
BadrinathKiDulhania,https://twitter.com/BKDMovie,BKDMovie,https://twitter.com/BKDMovie,"#TammaTammaAgain all day, every day! #BKDinDelhi @Varun_dvn @aliaa08 #BadrinathKiDulhania","Reply
6","Retweet
86","Like
340",4 Mar 2017,https://twitter.com/BKDMovie/status/837945335867564033,,
Ayushmann Khurrana,https://twitter.com/ayushmannk,ayushmannk,https://twitter.com/ayushmannk,So got to know @Varun_dvn & @aliaa08 are also in delhi. Staying in the same hotel. गुडलक to Badri and his dulhaniya. #BadrinathKiDulhania,"Reply
12","Retweet
113","Like
548",4 Mar 2017,https://twitter.com/ayushmannk/status/837939618850955265,Verified account,https://twitter.com/ayushmannk
Telenor India,https://twitter.com/TelenorIndia,TelenorIndia,https://twitter.com/TelenorIndia,Guess the answer & get a chance to win movie tickets of #BadrinathkiDulhania. T&C:https://goo.gl/L6LAe3 #TelenorIndia #contest #FullVasool,"Reply
163","Retweet
74","Like
77",3 Mar 2017,https://twitter.com/TelenorIndia/status/837882801789808642,Verified account,https://twitter.com/TelenorIndia
Zoom TV,https://twitter.com/ZoomTV,ZoomTV,https://twitter.com/ZoomTV,".@aliaa08 and @Varun_dvn dancing during the promotions of #BadrinathKiDulhania will make you want to get up dance!
Check out the video now","Reply
3","Retweet
51","Like
294",3 Mar 2017,https://twitter.com/ZoomTV/status/837867721442263041,Verified account,https://twitter.com/ZoomTV
StarPlus,https://twitter.com/StarPlus,StarPlus,https://twitter.com/StarPlus,Badri and his Dulhania are a perfect match! What do you think? #DilHaiHindustani #BadrinathKiDulhania @Varun_dvn @aliaa08,"Reply
13","Retweet
103","Like
376",3 Mar 2017,https://twitter.com/StarPlus/status/837678976923385857,Verified account,https://twitter.com/StarPlus
RVCJ Media,https://twitter.com/RVCJ_FB,RVCJ_FB,https://twitter.com/RVCJ_FB,"1 week to BadrinathKiDulhania
#BadrinathKiDulhania","Reply
7","Retweet
57","Like
167",3 Mar 2017,https://twitter.com/RVCJ_FB/status/837669680693272578,Verified account,https://twitter.com/RVCJ_FB
CINECHICKENS,https://twitter.com/Cinechickens,Cinechickens,https://twitter.com/Cinechickens,"Presenting the video song of #ROKENARUKENAINA from #BadrinathKiDulhania starring @Varun_dvn, @aliaa08.
Watch Here : http://goo.gl/SWOSFp",Reply,"Retweet
25","Like
130",3 Mar 2017,https://twitter.com/Cinechickens/status/837645213619355649,,
dna After Hrs,https://twitter.com/dnaAfterHrs,dnaAfterHrs,https://twitter.com/dnaAfterHrs,Watch: #BadrinathKiDulhania song #RokeNaRukeNaina expresses the pangs of love like never before! http://dnai.in/dZXu writes @imPrachita,"Reply
1","Retweet
65","Like
236",3 Mar 2017,https://twitter.com/dnaAfterHrs/status/837594157069844481,Verified account,https://twitter.com/dnaAfterHrs
Karan Johar,https://twitter.com/karanjohar,karanjohar,https://twitter.com/karanjohar,#BadrinathKiDulhania ....the color of love....,"Reply
119","Retweet
312","Like
3.0K",3 Mar 2017,https://twitter.com/karanjohar/status/837587790615437313,Verified account,https://twitter.com/karanjohar
Dharma Productions,https://twitter.com/DharmaMovies,DharmaMovies,https://twitter.com/DharmaMovies,Come and be a part of Badri & Vaidehi's रंगीन love story! 7 days to go! #BadrinathKiDulhania @karanjohar @Varun_dvn @aliaa08,"Reply
9","Retweet
62","Like
272",2 Mar 2017,https://twitter.com/DharmaMovies/status/837567264312406016,Verified account,https://twitter.com/DharmaMovies
Alia Bhatt,https://twitter.com/aliaa08,aliaa08,https://twitter.com/aliaa08,Here's goes our heart break song! 7 days to go :) http://bit.ly/RokeNaRukeNaina #BadrinathKiDulhania #RokeNaRukeNaina @Varun_dvn #Arijitsingh,"Reply
166","Retweet
589","Like
3.4K",2 Mar 2017,https://twitter.com/aliaa08/status/837536185132048384,Verified account,https://twitter.com/aliaa08
Zoom TV,https://twitter.com/ZoomTV,ZoomTV,https://twitter.com/ZoomTV,"Catch the #BadrinathKiDulhania duo, @Varun_dvn and @aliaa08 on #YMSSeason2 tomorrow at 7 pm only on zoom","Reply
1","Retweet
29","Like
80",2 Mar 2017,https://twitter.com/ZoomTV/status/837535510088183809,Verified account,https://twitter.com/ZoomTV
Bollywood Hungama,https://twitter.com/Bollyhungama,Bollyhungama,https://twitter.com/Bollyhungama,#CBFC demands disclaimer on dowry from #BadrinathKiDulhania,Reply,"Retweet
8","Like
42",2 Mar 2017,https://twitter.com/Bollyhungama/status/837533338411786240,Verified account,https://twitter.com/Bollyhungama
pinkvilla,https://twitter.com/pinkvilla,pinkvilla,https://twitter.com/pinkvilla,#AliaBhatt and #VarunDhawan meet a young fan as they promote #BadrinathKiDulhania http://www.pinkvilla.com/entertainment/photos/373643/alia-bhatt-and-varun-dhawan-meet-young-fan-they-promote-badrinath-ki … @aliaa08 @Varun_dvn,"Reply
1","Retweet
20","Like
72",2 Mar 2017,https://twitter.com/pinkvilla/status/837531970808627202,Verified account,https://twitter.com/pinkvilla
TIMC,https://twitter.com/TIMCtweeting,TIMCtweeting,https://twitter.com/TIMCtweeting,"@aliaa08 & @Varun_dvn snapped during their movie promotion #BadrinathKiDulhania
#Bollywood #TIMC",Reply,"Retweet
7","Like
14",2 Mar 2017,https://twitter.com/TIMCtweeting/status/837531738226085888,,
Box Office Capsule,https://twitter.com/BOCapsule,BOCapsule,https://twitter.com/BOCapsule,"#BOCapsule Watch the fun behind the scenes of #BadrinathKiDulhania @Varun_dvn @aliaa08
http://www.boxofficecapsule.com/bollywood/videos.aspx?v=4151 …",Reply,"Retweet
3","Like
26",2 Mar 2017,https://twitter.com/BOCapsule/status/837529669985411073,,
Bollywood Uncut,https://twitter.com/BollywoodUncut,BollywoodUncut,https://twitter.com/BollywoodUncut,"#ExculsiveInterview Of #PerfectDuo #VarunDhawan AND #AliaBhatt's #BadrinathKiDulhaniahttps://goo.gl/SsjTFf
If U Can't wait For Movie",Reply,"Retweet
4","Like
7",2 Mar 2017,https://twitter.com/BollywoodUncut/status/837529462572904448,,
YuppTVBazaar,https://twitter.com/yupptvbazaar,yupptvbazaar,https://twitter.com/yupptvbazaar,#BadrinathKiDulhania #AliaBhatt & #varundhawan make reporters dance To #TammaTammaAgain https://goo.gl/kVuq2C https://goo.gl/JlU4xh,Reply,"Retweet
6","Like
19",2 Mar 2017,https://twitter.com/yupptvbazaar/status/837527493275869184,,
AliaaHolics,https://twitter.com/AliaaHolics_,AliaaHolics_,https://twitter.com/AliaaHolics_,& @Varun_dvn for #BadrinathKiDulhania promotions yesterday (3),Reply,"Retweet
8","Like
10",2 Mar 2017,https://twitter.com/AliaaHolics_/status/837522961284403204,,
Zoom TV,https://twitter.com/ZoomTV,ZoomTV,https://twitter.com/ZoomTV,"Here's a still from @aliaa08 and @Varun_dvn starrer, #BadrinathKiDulhania
if you're looking forward to the movie","Reply
2","Retweet
37","Like
148",2 Mar 2017,https://twitter.com/ZoomTV/status/837512866630668289,Verified account,https://twitter.com/ZoomTV
Desimartini,https://twitter.com/DMmovies,DMmovies,https://twitter.com/DMmovies,"Tweet your questions for badri & his dulhania using #StarVaarWithBKD & get lucky!
#BadrinathKiDulhania #VarunDhawan #AliaBhatt #Varia","Reply
49","Retweet
31","Like
67",2 Mar 2017,https://twitter.com/DMmovies/status/837506311768068096,Verified account,https://twitter.com/DMmovies
Joginder Tuteja,https://twitter.com/Tutejajoginder,Tutejajoginder,https://twitter.com/Tutejajoginder,.@Varun_dvn @aliaa08 set to enjoy one of the most 'musically visible' films in @karanjohar's #BadrinathKiDulhania,"Reply
1","Retweet
16","Like
36",2 Mar 2017,https://twitter.com/Tutejajoginder/status/837505726553563136,Verified account,https://twitter.com/Tutejajoginder
Filmfare,https://twitter.com/filmfare,filmfare,https://twitter.com/filmfare,"Cutie!
@aliaa08 looks pretty in pink at #BadrinathKiDulhania promotions.","Reply
1","Retweet
20","Like
175",2 Mar 2017,https://twitter.com/filmfare/status/837505320247230464,Verified account,https://twitter.com/filmfare
Varun Universe,https://twitter.com/VarunUniverse,VarunUniverse,https://twitter.com/VarunUniverse,"Varun_dvn And @aliaa08 Reveals Every SECRET About #BadrinathKiDulhania
http://youtube.com/watch?v=eu2x2D …",Reply,"Retweet
9","Like
30",2 Mar 2017,https://twitter.com/VarunUniverse/status/837497760618274816,,
Murtaza Ali Khan,https://twitter.com/apotofvestiges,apotofvestiges,https://twitter.com/apotofvestiges,#BadrinathKiDulhania actor @Sahilwalavaid talks about his role in the film and his friendship with @Varun_dvn,Reply,"Retweet
18","Like
29",2 Mar 2017,https://twitter.com/apotofvestiges/status/837494371352252416,,
Arijit Singh World,https://twitter.com/TheArijitSingh,TheArijitSingh,https://twitter.com/TheArijitSingh,It's #RokeNaRuke day. Stay tuned!!! #BadrinathKiDulhania @AmaalMallik @TSeries @Varun_dvn @aliaa08 @ShashankKhaitan,"Reply
22","Retweet
69","Like
469",2 Mar 2017,https://twitter.com/TheArijitSingh/status/837492640799084544,,
Filmy Monkey,https://twitter.com/FilmyMonkey,FilmyMonkey,https://twitter.com/FilmyMonkey,#BadrinathKiDulhania actress @aliaa08 hopes that aspiring singers get a chance to sing in her movies! http://www.filmymonkey.com/bollywood/alia-hopes-aspiring-singers-sing-for-her-movies-104886 … #VarunDhawan,Reply,"Retweet
7","Like
15",2 Mar 2017,https://twitter.com/FilmyMonkey/status/837490138326368256,,
Sanchit Sharma,https://twitter.com/real_sanchit,real_sanchit,https://twitter.com/real_sanchit,When we got stuck in heavy traffic... decided to do #TammaTammaAgain #wohbadalgaya @Varun_dvn @aliaa08 #BadrinathKiDulhania,Reply,"Retweet
5","Like
42",2 Mar 2017,https://twitter.com/real_sanchit/status/837488055401529344,,
RJ ALOK,https://twitter.com/OYERJALOK,OYERJALOK,https://twitter.com/OYERJALOK,Catch Badrinath @Varun_dvn n his Dulhania @aliaa08 in Delhi ... Today !! #BadrinathKiDulhania ... Delhi Calling ... #RjAlok,"Reply
1","Retweet
32","Like
64",2 Mar 2017,https://twitter.com/OYERJALOK/status/837485222765682688,Verified account,https://twitter.com/OYERJALOK
Bollywood Helpline,https://twitter.com/BollywoodH,BollywoodH,https://twitter.com/BollywoodH,"Promotional Interview With #VarunDhawan & #AliaBhatt For #BadrinathKiDulhania
For More Pics : http://bollywoodhelpline.com/gallery/events/promotional-interview-with-varun-dhawan-alia-bhatt-for-badrinath-ki-dulhania/0 …",Reply,"Retweet
12","Like
40",2 Mar 2017,https://twitter.com/BollywoodH/status/837468288238170118,,
Viral Bhayani,https://twitter.com/viralbhayani77,viralbhayani77,https://twitter.com/viralbhayani77,This cute fan has all the attention from #badrinathkidulhania stars #varundhawan #aliabhatt … https://www.instagram.com/p/BRJ_U1zhi2X/,Reply,"Retweet
3","Like
5",2 Mar 2017,https://twitter.com/viralbhayani77/status/837461641763565568,,
"786 BuzzDreamz
🇺🇸",https://twitter.com/buzzdreamz,buzzdreamz,https://twitter.com/buzzdreamz,".@aliaa08 is baby Naseeruddin Shah, says Humpty Sharma Ki Dulhania actor Sahil Vaid http://bit.ly/2lZYPBu #BadrinathKiDulhania #SahilVaid",Reply,"Retweet
2","Like
6",2 Mar 2017,https://twitter.com/buzzdreamz/status/837460016638517248,,